{"description":{"TestName":"MPI-ESM-LR","variable":"tauv","neof1":2,"neof2":2,"TestPeriod":"1980-2005","nref":8,"ntest":1,"CommonSpace":"CCM"},"hotelling_res":{"T2":{"statistic":36.7510025058003,"mu":4,"nu":448,"p_value":0,"conf_int":[19.3047471296195,67.8041004758097],"threshold_95":9.63242917312144,"threshold_99":13.5368355379219},"Ts2":{"statistic":2.95187337303593,"conf_int":[0.991873373035927,4.91187337303593],"threshold_95":0.773685321626372,"threshold_99":1.08729073100119},"explvar.model.neof1":89.6289973351562,"explvar.model.neof2":89.4604014865686,"explvar.refmean.neof1":90.218614075551,"explvar.refmean.neof2":90.0523397954748,"S":[3.14919132157706e-05,1.33078869292271e-06,1.17688877303576e-06,-1.1466371193753e-05,1.33078869292271e-06,7.2343428515412e-06,-1.94158148569399e-06,2.65355306188727e-06,1.17688877303576e-06,-1.94158148569399e-06,1.83571660888747e-06,-1.67125483984174e-06,-1.1466371193753e-05,2.65355306188727e-06,-1.67125483984174e-06,6.64035269209799e-06],"inv_S":[171771.898786197,-149465.728478315,72911.63547463,374689.362542099,-149465.728478315,328963.619783161,115594.034602165,-360457.488510336,72911.6354746301,115594.034602165,898768.612215882,305912.721732718,374689.362542099,-360457.488510336,305912.721732718,1018632.41547236],"diff":[0.0183735981830114,-0.00711627158290778,-0.00153599790860605,-0.00754479913903869]}}
