{"description":{"TestName":"IPSL-CM5B-LR","variable":"tauu","neof1":2,"neof2":2,"TestPeriod":"1980-2005","nref":9,"ntest":1,"CommonSpace":"CCM"},"hotelling_res":{"T2":{"statistic":1858.95463701552,"mu":4,"nu":648.000000000011,"p_value":0,"conf_int":[1696.71710916147,2034.8735544458],"threshold_95":9.58736439446419,"threshold_99":13.4556581611028},"Ts2":{"statistic":21.5462107251482,"conf_int":[19.5862107251482,23.5062107251482],"threshold_95":0.111122331566708,"threshold_99":0.155957784236271},"explvar.model.neof1":82.6451552173495,"explvar.model.neof2":82.2055314947448,"explvar.refmean.neof1":84.1559686398709,"explvar.refmean.neof2":83.8671284472658,"S":[8.1379872524793e-05,-7.51583391748465e-06,-1.71235857837566e-05,3.06654197735538e-05,-7.51583391748465e-06,8.29608385765778e-06,3.84351133035867e-06,-2.96976171444835e-06,-1.71235857837566e-05,3.84351133035867e-06,5.20444904817012e-06,-5.6074537095433e-06,3.06654197735538e-05,-2.96976171444835e-06,-5.6074537095433e-06,1.28334856821025e-05],"inv_S":[752175.946479786,-432672.731921633,1417092.48320129,-1278253.3102214,-432672.731921632,439158.450348565,-991025.960128901,702471.24813197,1417092.48320129,-991025.960128901,3195419.17345754,-2219247.55420885,-1278253.3102214,702471.248131971,-2219247.55420885,2325168.65347412],"diff":[0.0316378928484037,-0.0202371669394509,0.00284925450518169,0.000193860077333519]}}
