{"description":{"TestName":"MPI-ESM-LR","variable":"tauu","neof1":2,"neof2":2,"TestPeriod":"1980-2005","nref":9,"ntest":1,"CommonSpace":"CCM"},"hotelling_res":{"T2":{"statistic":334.847988067515,"mu":4,"nu":647.999999999995,"p_value":0,"conf_int":[269.794319638897,413.576102573018],"threshold_95":9.58736439446425,"threshold_99":13.4556581611029},"Ts2":{"statistic":9.12222372642942,"conf_int":[7.16222372642942,11.0822237264294],"threshold_95":0.261187422561046,"threshold_99":0.366570887405743},"explvar.model.neof1":86.1284255178254,"explvar.model.neof2":85.9508322496681,"explvar.refmean.neof1":85.7683704181931,"explvar.refmean.neof2":85.6277281994355,"S":[7.86328938450847e-05,-1.23358427448117e-05,1.26988252259019e-05,-2.9657951398948e-05,-1.23358427448117e-05,9.37912386667206e-06,-3.99169083569034e-06,4.7952298728419e-06,1.26988252259019e-05,-3.99169083569034e-06,3.75849911762703e-06,-3.84666915611041e-06,-2.9657951398948e-05,4.7952298728419e-06,-3.84666915611041e-06,1.23877479874312e-05],"inv_S":[625551.468324479,-314055.726510882,-1157852.66303392,1259685.64554509,-314055.726510882,354515.471780322,773429.983385353,-648956.000779468,-1157852.66303392,773429.983385353,2720654.20779244,-2226623.91668868,1259685.64554509,-648956.000779468,-2226623.91668868,2656374.93961208],"diff":[-0.0322513416297981,0.00562192832176375,-1.89735320945397e-05,0.00607386860243321]}}
