{"description":{"TestName":"MPI-ESM-P","variable":"tauv","neof1":2,"neof2":2,"TestPeriod":"1980-2005","nref":8,"ntest":1,"CommonSpace":"CCM"},"hotelling_res":{"T2":{"statistic":34.5227457889114,"mu":4,"nu":448,"p_value":0,"conf_int":[17.7902533766236,64.8572602538175],"threshold_95":9.63242917312144,"threshold_99":13.5368355379219},"Ts2":{"statistic":2.85623294654359,"conf_int":[0.89623294654359,4.81623294654359],"threshold_95":0.796937234591404,"threshold_99":1.11996756839004},"explvar.model.neof1":89.110025072487,"explvar.model.neof2":88.9769801330332,"explvar.refmean.neof1":90.0479698614366,"explvar.refmean.neof2":89.9159867341621,"S":[3.12568646682259e-05,-1.50974071663743e-06,1.05552576072669e-06,1.13743558531599e-05,-1.50974071663743e-06,7.12031099889409e-06,1.96131276965457e-06,2.47817148752949e-06,1.05552576072669e-06,1.96131276965457e-06,1.78638615736846e-06,1.64306084248087e-06,1.13743558531599e-05,2.47817148752949e-06,1.64306084248087e-06,6.53238139544926e-06],"inv_S":[175803.567374802,146571.143371853,88330.4726401611,-383935.498088763,146571.143371853,327268.299420064,-126180.087136002,-347630.919440655,88330.4726401611,-126180.087136002,967363.557825631,-349251.425850334,-383935.498088763,-347630.919440655,-349251.425850334,1041327.64804538],"diff":[0.0179131438674965,0.00696216072473144,-0.00123904387528878,0.0073466738736116]}}
