{"description":{"TestName":"IPSL-CM5A-LR","variable":"tauu","neof1":2,"neof2":2,"TestPeriod":"1980-2005","nref":9,"ntest":1,"CommonSpace":"CCM"},"hotelling_res":{"T2":{"statistic":31.7884961097293,"mu":4,"nu":648.000000000004,"p_value":0,"conf_int":[15.9622794250458,61.2099157702142],"threshold_95":9.58736439446425,"threshold_99":13.4556581611028},"Ts2":{"statistic":2.73435913867521,"conf_int":[0.77435913867521,4.69435913867521],"threshold_95":0.824678756658422,"threshold_99":1.15741876346394},"explvar.model.neof1":82.9529232964415,"explvar.model.neof2":82.6585960231284,"explvar.refmean.neof1":83.9420974202742,"explvar.refmean.neof2":83.5855964000413,"S":[7.84893833622858e-05,1.02191186980291e-05,1.14282194906049e-05,3.00366560910592e-05,1.02191186980291e-05,8.17798613943383e-06,3.62275466831925e-06,3.89081838300494e-06,1.14282194906049e-05,3.62275466831925e-06,3.2538876688554e-06,3.77607360753544e-06,3.00366560910592e-05,3.89081838300494e-06,3.77607360753544e-06,1.20877015007289e-05],"inv_S":[969694.356666613,427737.253454821,-1452451.59239071,-2093537.77868346,427737.253454821,430701.868823566,-921565.336937051,-913629.525106701,-1452451.5923907,-921565.336937051,2983618.02120826,2973772.23094287,-2093537.77868346,-913629.525106702,2973772.23094288,4650053.44349559],"diff":[-0.0130394796877326,-0.0084424045345275,-0.000901598282398342,-0.00859780625621081]}}
