{"description":{"TestName":"FIO-ESM","variable":"hfls","neof1":3,"neof2":3,"TestPeriod":"1980-2005","nref":12,"ntest":1,"CommonSpace":"CCM"},"hotelling_res":{"T2":{"statistic":482.958720817638,"mu":9,"nu":1584.00000000004,"p_value":0,"conf_int":[408.290435285696,581.294333778263],"threshold_95":17.0584339832776,"threshold_99":21.8775081701155},"Ts2":{"statistic":10.9373244305538,"conf_int":[8.97732443055378,12.8973244305538],"threshold_95":0.38631381670969,"threshold_99":0.495448977882719},"explvar.model.neof1":86.7603585070346,"explvar.model.neof2":86.4929415789813,"explvar.refmean.neof1":86.8920420674718,"explvar.refmean.neof2":86.6677337697485,"S":[85.6264374353294,1.87528327786886,-8.81274166667019,42.4961261806257,-34.9839310554473,-3.57021171721631,2.68402869979772,0.772746554215123,26.320211942434,1.87528327786886,20.2512234133199,-8.33985489793274,3.83125760640325,15.5158378385497,3.62587808579863,-1.24907398380809,-1.11394698140212,2.33825594564108,-8.81274166667019,-8.33985489793274,8.84571630599953,-4.27574276702794,-3.83462347051481,1.49995715078449,-0.141459648128573,0.454034356080266,0.277183140223441,42.4961261806257,3.83125760640325,-4.27574276702794,32.8279599651886,-14.7748069330089,-1.08797681645487,2.31187466171634,0.0615533043106328,11.6458052424096,-34.9839310554473,15.5158378385497,-3.83462347051481,-14.7748069330089,29.3522497956413,5.33857458316759,-1.79075640543172,-1.4618621274827,-11.0754546074191,-3.57021171721631,3.62587808579863,1.49995715078449,-1.08797681645487,5.33857458316759,4.00214603049213,-0.591840134012468,-0.541008864035296,1.39954328408917,2.68402869979772,-1.24907398380809,-0.141459648128573,2.31187466171634,-1.79075640543172,-0.591840134012468,0.695721047575115,0.151325449477233,-0.841803104887227,0.772746554215123,-1.11394698140212,0.454034356080266,0.0615533043106328,-1.4618621274827,-0.541008864035296,0.151325449477233,0.26797649488775,0.0551977128428175,26.320211942434,2.33825594564108,0.277183140223441,11.6458052424096,-11.0754546074191,1.39954328408917,-0.841803104887227,0.0551977128428175,14.8521593178128],"inv_S":[0.629122842574895,-0.548070083799391,0.98119821002548,-0.194119202686892,1.48390912806805,-1.54309090161836,0.68618700134011,-1.20058564961669,0.400620469075406,-0.548070083799391,2.08064853373735,-0.806369594180229,0.371032456671769,-3.84528330804962,3.59344337889738,-6.79696689331306,2.29236195688889,-3.23204915431613,0.981198210025479,-0.806369594180229,2.1846171407105,-0.482273688798623,2.89304904767059,-3.67705455832183,3.72192416043671,-3.81475494098988,1.45452274537272,-0.194119202686893,0.371032456671769,-0.482273688798624,0.329487608429718,-1.08695775792143,1.35007632545014,-3.08605844577842,1.60525422495474,-1.08242053122839,1.48390912806805,-3.84528330804962,2.89304904767059,-1.08695775792143,8.47178458475443,-8.88520484755157,15.5811071626059,-6.8453098820182,6.83733656412973,-1.54309090161836,3.59344337889738,-3.67705455832183,1.35007632545014,-8.88520484755157,10.4901411441967,-17.94430509015,9.69049976696534,-7.48853897442998,0.686187001340112,-6.79696689331306,3.72192416043672,-3.08605844577842,15.5811071626059,-17.94430509015,48.6028603231776,-18.2823728845055,18.3370846487411,-1.20058564961669,2.29236195688889,-3.81475494098988,1.60525422495474,-6.8453098820182,9.69049976696534,-18.2823728845055,16.7092899265832,-6.53690928341333,0.400620469075406,-3.23204915431613,1.45452274537273,-1.08242053122839,6.83733656412972,-7.48853897442998,18.3370846487411,-6.53690928341333,7.5557777172441],"diff":[-17.1461549242525,0.695847821649183,10.2598468417398,-3.20890093436268,9.99938161421435,-0.394974663919734,-1.35786948340472,-1.05476064715087,-3.6808797930812]}}
