{"description":{"TestName":"CMCC-CMS","variable":"hfss","neof1":2,"neof2":2,"TestPeriod":"1980-2005","nref":12,"ntest":1,"CommonSpace":"CCM"},"hotelling_res":{"T2":{"statistic":94.9088713573189,"mu":4,"nu":1584,"p_value":0,"conf_int":[63.2449775436295,140.22592427133],"threshold_95":9.52827194591271,"threshold_99":13.349435656066},"Ts2":{"statistic":4.8205328348691,"conf_int":[2.8605328348691,6.7805328348691],"threshold_95":0.48395210182101,"threshold_99":0.67803348608756},"explvar.model.neof1":86.4665942935993,"explvar.model.neof2":86.3929222168265,"explvar.refmean.neof1":86.1480786198769,"explvar.refmean.neof2":86.0073484560415,"S":[6.06051695721291,-0.667861449915692,0.995506186998928,1.53808504701446,-0.667861449915692,0.305528875852867,-0.270315646938559,-0.115758714714778,0.995506186998928,-0.270315646938559,0.585815504837153,0.151406990531767,1.53808504701446,-0.115758714714778,0.151406990531767,0.60015808838264],"inv_S":[0.722514406951073,0.423311491934102,-0.615113598862912,-1.61483137738999,0.423311491934103,5.89640585928583,2.12655606450327,-0.484046073547065,-0.615113598862911,2.12655606450327,3.44474689881362,1.11754832153739,-1.61483137738999,-0.484046073547065,1.11754832153739,5.42942081197356],"diff":[-0.418149290645212,-0.300945814898705,0.467725794585246,-4.41011575354035]}}
