{"description":{"TestName":"GFDL-CM3","variable":"hfls","neof1":3,"neof2":3,"TestPeriod":"1980-2005","nref":12,"ntest":1,"CommonSpace":"CCM"},"hotelling_res":{"T2":{"statistic":1889.0246895018,"mu":9,"nu":1584.00000000001,"p_value":0,"conf_int":[1730.31233291407,2071.4159590363],"threshold_95":17.0584339832777,"threshold_99":21.8775081701155},"Ts2":{"statistic":21.7056178433342,"conf_int":[19.7456178433342,23.6656178433342],"threshold_95":0.196007945848724,"threshold_99":0.25138095565611},"explvar.model.neof1":84.4871359171071,"explvar.model.neof2":84.3099026241966,"explvar.refmean.neof1":86.5542454475649,"explvar.refmean.neof2":86.3460145332983,"S":[92.2870098553214,5.74007785397096,-4.49746121204012,41.4415228438913,-30.8264570377015,-0.292446964363071,-3.30363239699215,3.82090196739384,25.2269518428287,5.74007785397096,22.0143648027681,-8.67182895629308,4.71054584204123,10.0758471369511,4.77310367423158,-2.11060713820762,-2.85198008119447,4.15206969930818,-4.49746121204012,-8.67182895629308,8.07445546530083,-1.75381437778834,-3.70320019497731,0.896253071512196,0.325265953362128,1.01462927890662,0.855621511515252,41.4415228438913,4.71054584204123,-1.75381437778834,29.5908337320599,-11.6517568783087,1.04018858118206,-1.35855312017974,1.27018519729629,9.68316696081645,-30.8264570377015,10.0758471369511,-3.70320019497731,-11.6517568783087,18.5767401795454,3.57224796380816,0.546488096402981,-3.27099349729696,-8.64822622557645,-0.292446964363071,4.77310367423158,0.896253071512196,1.04018858118206,3.57224796380816,4.26697450299196,-0.722808218112197,-1.21185613101291,2.37971639327239,-3.30363239699215,-2.11060713820762,0.325265953362128,-1.35855312017974,0.546488096402981,-0.722808218112197,0.840033824080802,0.245722886632456,-2.66705834205801,3.82090196739384,-2.85198008119447,1.01462927890662,1.27018519729629,-3.27099349729696,-1.21185613101291,0.245722886632456,0.944089292999625,0.454478956982765,25.2269518428287,4.15206969930818,0.855621511515252,9.68316696081645,-8.64822622557645,2.37971639327239,-2.66705834205801,0.454478956982765,12.625189951139],"inv_S":[0.51320042722607,-0.289605911497202,0.714192814217497,-0.135546540373452,1.22352932262395,-1.09039721688935,-0.447538755246689,-0.627797768024708,0.0970540585578177,-0.289605911497202,0.848843249141148,-0.0705887232447931,-0.113122519515024,-1.8343968850989,1.21885281175301,-1.52149661212197,0.255707897015683,-1.42585877160063,0.714192814217496,-0.0705887232447909,1.62626188799394,-0.158960049143876,1.65156318085039,-2.22753905556155,0.138429098629491,-1.93495563677665,0.257940826622893,-0.135546540373452,-0.113122519515024,-0.158960049143876,0.172177531334527,0.17050076342734,-0.176735329476129,1.03257756219298,-0.0264719816764028,0.555951174452733,1.22352932262395,-1.83439688509889,1.65156318085039,0.17050076342734,5.98275947198347,-5.22538248112771,5.23341064509749,-1.84659797288541,4.17092855156306,-1.09039721688935,1.21885281175301,-2.22753905556155,-0.17673532947613,-5.22538248112771,6.10586283895034,-6.58412131128601,4.19934544321613,-4.20788419236577,-0.447538755246687,-1.52149661212197,0.138429098629493,1.03257756219298,5.2334106450975,-6.58412131128602,23.5254582480917,-5.86824637225516,10.6001699814114,-0.627797768024709,0.255707897015684,-1.93495563677665,-0.0264719816764033,-1.84659797288542,4.19934544321614,-5.86824637225517,8.09823073888146,-2.26585499982229,0.0970540585578189,-1.42585877160063,0.257940826622895,0.555951174452733,4.17092855156306,-4.20788419236577,10.6001699814114,-2.26585499982229,5.88138311852257],"diff":[-14.5399036494053,9.7454506555061,17.3507477392085,-6.15307330922647,16.3160369288972,-2.39578875498331,-4.36517176921973,-0.0755993737928837,-5.57749532486445]}}
