{"description":{"TestName":"bcc-csm1-1","variable":"hfls","neof1":3,"neof2":3,"TestPeriod":"1980-2005","nref":12,"ntest":1,"CommonSpace":"CCM"},"hotelling_res":{"T2":{"statistic":696.283762530416,"mu":9,"nu":1584.00000000002,"p_value":0,"conf_int":[604.387039210726,811.852568784175],"threshold_95":17.0584339832778,"threshold_99":21.8775081701156},"Ts2":{"statistic":13.1511659059937,"conf_int":[11.1911659059937,15.1111659059937],"threshold_95":0.322193777139427,"threshold_99":0.413214776845172},"explvar.model.neof1":87.4941080421319,"explvar.model.neof2":87.3859131534046,"explvar.refmean.neof1":87.0462803943521,"explvar.refmean.neof2":86.9332001928109,"S":[80.5278046038287,5.24445934695842,-5.46799196433783,45.9912853692881,-30.6474535321461,-0.701062569241462,0.848636341432814,3.28913914526079,23.6858962708214,5.24445934695842,12.3581314342119,-6.85198939746196,4.47294521636034,10.4243210880313,2.16665534902279,-0.674347472859312,-1.18938793296801,3.25723675088751,-5.46799196433783,-6.85198939746196,7.71311612085154,-2.65945240122908,-5.41925957073073,1.24166972023058,-0.145233619178968,0.744794640301586,0.613757618882517,45.9912853692881,4.47294521636034,-2.65945240122908,38.1143188708779,-15.1722575339473,1.32256479779387,1.27560719204738,1.57531996655411,12.065325101069,-30.6474535321461,10.4243210880313,-5.41925957073073,-15.1722575339473,26.8135919120988,3.74727779787602,-0.667387756012513,-3.24693403315552,-8.69692450794443,-0.701062569241462,2.16665534902279,1.24166972023058,1.32256479779387,3.74727779787602,3.58704764250483,-0.362368963344187,-0.727382112628066,2.04562481598196,0.848636341432814,-0.674347472859312,-0.145233619178968,1.27560719204738,-0.667387756012513,-0.362368963344187,0.609249162284302,0.0689232473289623,-1.40561343812897,3.28913914526079,-1.18938793296801,0.744794640301586,1.57531996655411,-3.24693403315552,-0.727382112628066,0.0689232473289623,0.667728522226447,0.952489936679789,23.6858962708214,3.25723675088751,0.613757618882517,12.065325101069,-8.69692450794443,2.04562481598196,-1.40561343812897,0.952489936679789,12.7442582182638],"inv_S":[0.754051858453865,-0.647347823602763,1.38818035758016,-0.043371809154111,1.53053309754195,-1.81590260376506,-0.41113089707525,-0.949027210622309,0.0997385406377645,-0.647347823602751,9.60597526410662,-3.38247947433955,-0.721954925581641,-12.5681811269526,15.5349444494124,-27.3468359384428,5.68485145043536,-14.9170167298333,1.38818035758015,-3.38247947433956,4.18110774976651,0.197457836706161,6.27225914096531,-8.59093439796188,8.28133815349936,-4.56753293688126,4.81022448777102,-0.0433718091541119,-0.72195492558164,0.197457836706161,0.16388219188478,0.898010841042244,-1.19485726330384,1.95710483646522,-0.46462307139415,1.15566074388524,1.53053309754194,-12.5681811269526,6.2722591409653,0.898010841042245,17.7490034615912,-22.443398728387,35.6742272145192,-8.70211903897464,19.5151745990446,-1.81590260376504,15.5349444494123,-8.59093439796187,-1.19485726330384,-22.443398728387,29.7660847529364,-46.4300320458903,13.1125255705392,-25.2452221781895,-0.411130897075295,-27.3468359384427,8.28133815349931,1.95710483646522,35.6742272145191,-46.4300320458902,97.2657944737765,-18.1285513803082,49.3820141439737,-0.949027210622299,5.68485145043535,-4.56753293688125,-0.46462307139415,-8.70211903897462,13.1125255705392,-18.1285513803082,10.3762510024393,-9.84750531939001,0.0997385406377415,-14.9170167298333,4.810224487771,1.15566074388524,19.5151745990445,-25.2452221781895,49.3820141439737,-9.84750531939,25.9321526470576],"diff":[-13.3003086375564,8.42496579011463,13.1765087712768,6.32656763513194,8.62580435940871,-0.155430355595686,-0.788298513519772,-0.224480849365436,-4.39088291241558]}}
