{"description":{"TestName":"HadCM3","variable":"hfls","neof1":3,"neof2":3,"TestPeriod":"1980-2005","nref":12,"ntest":1,"CommonSpace":"CCM"},"hotelling_res":{"T2":{"statistic":347.506045736181,"mu":9,"nu":1584.00000000003,"p_value":0,"conf_int":[285.843386956392,432.830008416557],"threshold_95":17.0584339832779,"threshold_99":21.8775081701157},"Ts2":{"statistic":9.26098770592555,"conf_int":[7.30098770592555,11.2209877059255],"threshold_95":0.454604889151805,"threshold_99":0.583032544859787},"explvar.model.neof1":85.8135635042831,"explvar.model.neof2":85.6579820060234,"explvar.refmean.neof1":85.3291681357107,"explvar.refmean.neof2":85.1815272897593,"S":[77.6414029850938,4.95566161773603,9.43108710326992,42.6003959284996,-30.2179229812304,8.52866831356634,-5.56550200577799,1.96106764196444,-25.8753597889593,4.95566161773603,20.2293866941731,8.11570206451958,7.63727527298102,11.2237363368042,-5.28115564183795,-3.84422056953987,-3.65150419808154,-2.38194196286069,9.43108710326992,8.11570206451958,7.10212421781942,5.61827588709577,2.35456755995806,1.09759519086699,-1.45324385355533,-1.00100181845734,-0.921209412919833,42.6003959284996,7.63727527298102,5.61827588709577,35.6367677256636,-14.5728435568241,2.89689331001962,-4.55042804511625,0.387985461109373,-12.7876367550637,-30.2179229812304,11.2237363368042,2.35456755995806,-14.5728435568241,22.0071064455242,-7.23716599016816,0.338178009957058,-3.41493204443886,11.3856345579653,8.52866831356634,-5.28115564183795,1.09759519086699,2.89689331001962,-7.23716599016816,6.29718037331394,1.12387275134204,2.13399255274528,-0.413979714613602,-5.56550200577799,-3.84422056953987,-1.45324385355533,-4.55042804511625,0.338178009957058,1.12387275134204,1.58083894060518,0.778231273802941,3.21931565572369,1.96106764196444,-3.65150419808154,-1.00100181845734,0.387985461109373,-3.41493204443886,2.13399255274528,0.778231273802941,1.11405267282559,-0.0841695540944316,-25.8753597889593,-2.38194196286069,-0.921209412919833,-12.7876367550637,11.3856345579653,-0.413979714613602,3.21931565572369,-0.0841695540944316,13.7687457016261],"inv_S":[0.809410414707497,0.788104241348417,-0.841724228483895,-1.16209668959768,-0.998173324984063,-1.10761789280898,-6.23666443164946,4.43686637336659,2.79928733860275,0.788104241348392,3.82719138220018,-0.715253685435321,-2.86102497190114,-6.07834925173974,-3.99182297504493,-12.032961955227,9.47593984242533,7.21582068440562,-0.841724228483901,-0.715253685435352,1.87113907052609,0.851403606002578,0.233561085200208,-0.404713096291919,4.64582629312793,-1.39002333647333,-2.08970539616976,-1.16209668959766,-2.86102497190116,0.851403606002554,2.85375046847823,4.63540050484626,3.71627567119712,13.6498291093776,-10.5305384331587,-6.94873700025499,-0.998173324984013,-6.07834925173973,0.233561085200152,4.63540050484621,10.7001279604976,7.2884847281324,19.5631626961352,-15.2975061590228,-11.9032944716868,-1.10761789280894,-3.99182297504493,-0.404713096291961,3.71627567119709,7.28848472813243,7.00815369344781,17.5549061952913,-16.8459418931509,-9.37153150906793,-6.23666443164938,-12.0329619552271,4.64582629312782,13.6498291093777,19.5631626961355,17.5549061952915,72.9440384263516,-56.2145980556443,-33.8623442245086,4.43686637336653,9.47593984242541,-1.39002333647325,-10.5305384331587,-15.297506159023,-16.845941893151,-56.2145980556442,53.1540120403368,25.7162038516431,2.79928733860271,7.21582068440567,-2.0897053961697,-6.94873700025498,-11.9032944716869,-9.37153150906798,-33.8623442245085,25.7162038516431,17.6241388067495],"diff":[-17.5089722919297,-2.50150152907927,-7.76553916463212,1.77342555140186,4.62214244306949,5.40573165404198,-1.42114229916578,2.64738861773605,4.14579430092952]}}
