{"description":{"TestName":"HadGEM2-AO","variable":"hfls","neof1":3,"neof2":3,"TestPeriod":"1980-2005","nref":12,"ntest":1,"CommonSpace":"CCM"},"hotelling_res":{"T2":{"statistic":611.483083556564,"mu":9,"nu":1584.00000000001,"p_value":0,"conf_int":[526.06890990872,720.567845081332],"threshold_95":17.0584339832777,"threshold_99":21.8775081701155},"Ts2":{"statistic":12.3188469208361,"conf_int":[10.3588469208361,14.2788469208361],"threshold_95":0.34365666459152,"threshold_99":0.44074101378156},"explvar.model.neof1":83.9465263045857,"explvar.model.neof2":83.8143737350031,"explvar.refmean.neof1":87.5133780727913,"explvar.refmean.neof2":87.3348666692255,"S":[85.9980573229024,4.90398924961147,-9.85263674740372,-42.1843680558694,34.0263699176792,4.60604728794101,2.85832451246654,2.29241596707383,24.3906915296856,4.90398924961147,13.2259560941071,-6.83928834337195,-4.79356495581967,-8.00923541163851,-2.78388002332768,-0.67465074624078,-0.810962338644764,3.93486170177615,-9.85263674740372,-6.83928834337195,8.65773299686555,4.45588511984977,1.66178831938916,-1.38666615624643,-0.296024506956845,0.357161219369384,-0.490024627654761,-42.1843680558694,-4.79356495581967,4.45588511984977,31.8637100911359,-14.3701197243102,-1.02202906282128,-2.65638686408764,-1.00712929964402,-10.9580871824576,34.0263699176792,-8.00923541163851,1.66178831938916,-14.3701197243102,23.0985844468163,5.11438027635009,1.28598878926442,1.95348257551103,9.2695781632924,4.60604728794101,-2.78388002332768,-1.38666615624643,-1.02202906282128,5.11438027635009,3.55415870379883,0.481472607575436,0.602105408967326,-1.13395041126318,2.85832451246654,-0.67465074624078,-0.296024506956845,-2.65638686408764,1.28598878926442,0.481472607575436,0.822221191994791,0.118352409879169,-0.930685821697664,2.29241596707383,-0.810962338644764,0.357161219369384,-1.00712929964402,1.95348257551103,0.602105408967326,0.118352409879169,0.347286033928319,0.588498162609201,24.3906915296856,3.93486170177615,-0.490024627654761,-10.9580871824576,9.2695781632924,-1.13395041126318,-0.930685821697664,0.588498162609201,13.1143263623803],"inv_S":[0.645546174725153,-0.153218916841762,0.929497202398778,0.0485217018148348,-1.06014803140473,1.08185071073858,-1.12119685868663,-0.464170530921781,-0.29522440701801,-0.153218916841764,2.59457983496023,0.1049701088597,-0.14641385689614,3.81663125380612,-3.89569257241714,-6.28368831696444,0.973481564229961,-4.13610958866945,0.929497202398779,0.104970108859704,1.9265492376574,0.0946151531498022,-1.639593835739,2.36935029507124,-0.986084605644976,-1.7447279361668,-0.237081300683597,0.0485217018148351,-0.14641385689614,0.0946151531498027,0.190593844141979,-0.407917692270886,0.539579823417609,1.35252329415989,-0.255793196943833,0.558925994749084,-1.06014803140474,3.81663125380612,-1.639593835739,-0.407917692270886,7.6127496237677,-8.59137456952669,-9.75937940860301,2.86226157867654,-6.52036035229143,1.08185071073859,-3.89569257241714,2.36935029507124,0.539579823417609,-8.5913745695267,11.0075145619452,12.2564062226491,-5.31112482006017,7.82873392849832,-1.12119685868662,-6.28368831696445,-0.986084605644964,1.35252329415989,-9.75937940860303,12.2564062226491,30.2139523394468,-5.07115063274307,15.3936706394013,-0.464170530921784,0.97348156422996,-1.7447279361668,-0.255793196943833,2.86226157867654,-5.31112482006017,-5.07115063274305,9.11992312747713,-2.95922592010039,-0.295224407018006,-4.13610958866945,-0.237081300683588,0.558925994749084,-6.52036035229144,7.82873392849833,15.3936706394013,-2.9592259201004,8.83544328397228],"diff":[-7.92181627280056,8.63162988489477,6.1553936605491,-0.227346797737171,-10.8492680896249,1.81879919188455,-1.04465534519292,-2.03633619206209,-5.14374636277147]}}
