{"description":{"TestName":"CanESM2","variable":"hfls","neof1":3,"neof2":3,"TestPeriod":"1980-2005","nref":12,"ntest":1,"CommonSpace":"CCM"},"hotelling_res":{"T2":{"statistic":67.0780049625675,"mu":9,"nu":1583.99999999999,"p_value":0,"conf_int":[45.8112816460474,111.919682245819],"threshold_95":17.0584339832778,"threshold_99":21.8775081701156},"Ts2":{"statistic":3.96424372040527,"conf_int":[2.00424372040527,5.92424372040527],"threshold_95":1.00813656929562,"threshold_99":1.29293908532154},"explvar.model.neof1":87.8586714020368,"explvar.model.neof2":87.7711984492695,"explvar.refmean.neof1":87.3660877181399,"explvar.refmean.neof2":87.273343487506,"S":[85.9846000712681,1.63344507568851,-10.6438088823036,44.7233300289865,-37.0131489661269,-3.92309928101771,1.94273746174096,2.63740477153592,25.4117880249526,1.63344507568851,15.2702384572959,-7.75877111031228,3.6717470160461,12.0352808958282,2.48768907476808,-1.46805831686241,-1.92769444218714,2.76846250963187,-10.6438088823036,-7.75877111031228,9.73950253643994,-5.44337197531907,-2.8394843198201,1.59665903555909,0.114375454466732,0.918474257064051,-0.894581845155964,44.7233300289865,3.6717470160461,-5.44337197531907,35.7665378861217,-17.2962403000051,-1.00077593283156,1.67498020147853,0.811351244676841,11.9450080967299,-37.0131489661269,12.0352808958282,-2.8394843198201,-17.2962403000051,28.870110112606,4.70546765710527,-1.7089954534961,-3.19930111157479,-10.8079877660664,-3.92309928101771,2.48768907476808,1.59665903555909,-1.00077593283156,4.70546765710527,3.23861179780163,-0.548507250959662,-0.704354125759114,0.992618117394018,1.94273746174096,-1.46805831686241,0.114375454466732,1.67498020147853,-1.7089954534961,-0.548507250959662,0.688901627143915,0.240543814494888,-1.0696802254642,2.63740477153592,-1.92769444218714,0.918474257064051,0.811351244676841,-3.19930111157479,-0.704354125759114,0.240543814494888,0.608892972498915,0.745142390880387,25.4117880249526,2.76846250963187,-0.894581845155964,11.9450080967299,-10.8079877660664,0.992618117394018,-1.0696802254642,0.745142390880387,13.6532149352024],"inv_S":[0.739070734929013,-0.638682239302937,1.18984664034585,0.0119691955305922,1.61146234562906,-1.87878496121449,-0.507956175942302,-0.832428761094244,0.239285080712927,-0.638682239302936,2.13051063614098,-1.10321410574842,-0.261923603150194,-3.43201991772061,3.68699246063731,-2.72087204106377,1.74371612727206,-2.37960082423093,1.18984664034585,-1.10321410574842,2.55274772424664,0.0406741774585946,3.16984254170357,-4.37480003716785,1.00017218501532,-2.82087248383587,1.20043564952152,0.0119691955305922,-0.261923603150194,0.0406741774585948,0.138725218974088,0.341374992410095,-0.30618497758274,-0.0675199896123285,0.101752410626578,0.193781187131074,1.61146234562905,-3.43201991772061,3.16984254170357,0.341374992410094,6.78596251229758,-7.95219242582079,5.01982067789808,-3.68717129376876,4.15011382918154,-1.87878496121449,3.68699246063731,-4.37480003716785,-0.306184977582739,-7.95219242582079,10.6632560425836,-7.06992068982973,6.59147223590407,-5.25342416009664,-0.50795617594231,-2.72087204106376,1.0001721850153,-0.0675199896123303,5.01982067789806,-7.0699206898297,18.5379900545598,-6.65728033447641,7.92518136785586,-0.83242876109424,1.74371612727206,-2.82087248383586,0.101752410626579,-3.68717129376875,6.59147223590406,-6.65728033447642,10.1131574012883,-3.54960094189849,0.239285080712924,-2.37960082423093,1.20043564952151,0.193781187131073,4.15011382918153,-5.25342416009663,7.92518136785587,-3.54960094189849,4.5013380159968],"diff":[-8.48181958277079,4.68307430323826,4.57979533925345,1.06428274507646,8.08258932553983,1.70940515667818,-0.66240573608083,0.948497378758331,-1.84260980089943]}}
