{"description":{"TestName":"BNU-ESM","variable":"hfls","neof1":3,"neof2":3,"TestPeriod":"1980-2005","nref":12,"ntest":1,"CommonSpace":"CCM"},"hotelling_res":{"T2":{"statistic":259.936502009989,"mu":9,"nu":1584.00000000005,"p_value":0,"conf_int":[208.079060580203,335.448051220069],"threshold_95":17.0584339832777,"threshold_99":21.8775081701156},"Ts2":{"statistic":7.99238825289748,"conf_int":[6.03238825289748,9.95238825289748],"threshold_95":0.524503585785488,"threshold_99":0.672677896137809},"explvar.model.neof1":85.7372934311563,"explvar.model.neof2":85.6773561541401,"explvar.refmean.neof1":87.4679126874571,"explvar.refmean.neof2":87.4005845199832,"S":[84.939241057907,4.59086104605562,-9.28599727340286,42.7740988347204,-31.6574585392099,-2.35735634526403,1.37597878162876,3.97165314728496,25.4227702692635,4.59086104605562,14.9184550329236,-8.52392987877334,3.89142280080365,12.0129900379456,1.61890593170933,-0.522492296910966,-1.29149488721314,2.73509025386552,-9.28599727340286,-8.52392987877334,9.48026587734072,-4.39467043979774,-4.70396115420812,1.61476565506005,-0.164144472159717,0.492061746632216,-0.529160300564413,42.7740988347204,3.89142280080365,-4.39467043979774,33.0415945970924,-13.372452548715,-0.826289093312853,1.36918072161095,1.84758915055435,11.0885260333526,-31.6574585392099,12.0129900379456,-4.70396115420812,-13.372452548715,26.9084206278659,3.42433799850424,-0.644505013123466,-3.27493330791533,-9.82417720383288,-2.35735634526403,1.61890593170933,1.61476565506005,-0.826289093312853,3.42433799850424,3.12569271698637,-0.36900045002138,-0.689107612324416,1.5901524156356,1.37597878162876,-0.522492296910966,-0.164144472159717,1.36918072161095,-0.644505013123466,-0.36900045002138,0.510053400830268,0.151835694655253,-1.06088952503992,3.97165314728496,-1.29149488721314,0.492061746632216,1.84758915055435,-3.27493330791533,-0.689107612324416,0.151835694655253,0.631622980101181,0.989431806668769,25.4227702692635,2.73509025386552,-0.529160300564413,11.0885260333526,-9.82417720383288,1.5901524156356,-1.06088952503992,0.989431806668769,13.361147839392],"inv_S":[0.769107541471181,0.816016701501552,0.806656187397141,-0.110646852980249,-0.504473786042744,0.826017463097653,-5.8033263969568,0.0285865360229432,-2.43882256702527,0.816016701501539,6.4403203553686,0.27900457774603,0.187854088091863,-7.42159166450376,8.96068991725519,-23.8080832000071,2.48191212087368,-11.6134462753756,0.806656187397142,0.279004577746033,1.54331760770429,-0.182273482335191,0.613581867390972,-1.17851187745951,-2.43384641110315,-1.30412393575872,-0.884840215590512,-0.110646852980249,0.187854088091862,-0.182273482335191,0.130551480748519,-0.357825298762029,0.470733098667606,-0.817044609539008,0.234908163082688,-0.344882041063004,-0.504473786042727,-7.42159166450375,0.613581867390977,-0.35782529876203,9.27902598003841,-11.4512901142988,27.2082984448167,-3.33781141647566,13.3934533465999,0.826017463097632,8.96068991725521,-1.17851187745951,0.470733098667608,-11.4512901142989,15.5903475257543,-36.0494834208987,6.30178308004413,-17.4477181616958,-5.80332639695675,-23.8080832000072,-2.43384641110311,-0.817044609539016,27.2082984448169,-36.0494834208988,111.787853482024,-12.262488098046,50.5777348457393,0.0285865360229351,2.48191212087369,-1.30412393575873,0.23490816308269,-3.33781141647567,6.30178308004414,-12.262488098046,8.0722121981883,-5.58469784726593,-2.43882256702524,-11.6134462753757,-0.884840215590497,-0.344882041063007,13.3934533465999,-17.4477181616958,50.5777348457392,-5.58469784726593,23.6977183070009],"diff":[-11.1741116547781,4.56280277758345,7.19887749441054,0.0632447966860349,11.131347672937,0.968321096345914,0.469064072838785,1.42788244490613,-2.42125369127687]}}
