{"description":{"TestName":"GFDL-ESM2G","variable":"hfls","neof1":3,"neof2":3,"TestPeriod":"1980-2005","nref":12,"ntest":1,"CommonSpace":"CCM"},"hotelling_res":{"T2":{"statistic":1250.11699124693,"mu":9,"nu":1584.00000000006,"p_value":0,"conf_int":[1123.13691831623,1400.77393541459],"threshold_95":17.0584339832778,"threshold_99":21.8775081701157},"Ts2":{"statistic":17.6467640916892,"conf_int":[15.6867640916892,19.6067640916892],"threshold_95":0.240798391178011,"threshold_99":0.308824876627708},"explvar.model.neof1":83.5068450375381,"explvar.model.neof2":83.4048842240687,"explvar.refmean.neof1":86.3809272625662,"explvar.refmean.neof2":86.2651998552286,"S":[85.6459163065561,5.02896748330121,-4.25961710431772,43.0293734316282,-30.3000999931615,0.649600194096305,0.830364372004453,4.46505744421615,22.297069973342,5.02896748330121,13.2776826001959,-8.54108652593056,4.59401098772717,6.28401043506172,1.90642139572944,-1.28635291047513,-0.275484266252304,3.13973976454608,-4.25961710431772,-8.54108652593056,10.4380254949616,-2.59735183719942,-4.79114175822022,1.39262378063163,0.111039838511475,0.567077454857539,1.45329311893713,43.0293734316282,4.59401098772717,-2.59735183719942,34.0786853746515,-13.6633148236619,0.764814017286393,1.52845523117762,1.86186040401358,9.50208244579964,-30.3000999931615,6.28401043506172,-4.79114175822022,-13.6633148236619,17.5775512427065,1.57410484963352,-0.656795629614129,-2.3869168766372,-8.11636681883039,0.649600194096305,1.90642139572944,1.39262378063163,0.764814017286393,1.57410484963352,3.4741610683055,-0.729149549308656,-0.258596243798112,2.93045422643537,0.830364372004453,-1.28635291047513,0.111039838511475,1.52845523117762,-0.656795629614129,-0.729149549308656,0.877252624978745,0.0429378275698926,-1.62375584301613,4.46505744421615,-0.275484266252304,0.567077454857539,1.86186040401358,-2.3869168766372,-0.258596243798112,0.0429378275698926,0.539663319765718,1.46366090683836,22.297069973342,3.13973976454608,1.45329311893713,9.50208244579964,-8.11636681883039,2.93045422643537,-1.62375584301613,1.46366090683836,11.0612427099476],"inv_S":[0.861476803777695,0.329971711227564,1.02359757248362,0.0197488837282414,0.28114792514814,0.716537824000343,-5.4647417484274,2.22173425294524,-3.06139473792079,0.329971711227562,1.38397804588283,0.798867572614956,-0.115126015923027,-1.48507377046357,1.55748899674404,-4.20668804996633,1.06377008472609,-3.32466909270265,1.02359757248362,0.798867572614961,1.80426530981365,-0.0345035013245632,0.449395848512098,-0.0241980330821933,-5.36639842288832,0.878941206034937,-3.06543803558309,0.0197488837282419,-0.115126015923027,-0.0345035013245629,0.145219105176239,0.0379694452479189,0.208744593559469,-1.02318560735675,0.763723405416045,-0.406047952345886,0.281147925148144,-1.48507377046357,0.449395848512104,0.0379694452479192,3.37889099651375,-3.7462802158091,4.9505597484181,-2.6150399186997,4.30771950705642,0.716537824000336,1.55748899674404,-0.0241980330822051,0.208744593559468,-3.74628021580911,7.22518753102152,-15.0889921655288,10.1597474025639,-10.2850718212908,-5.46474174842739,-4.20668804996633,-5.3663984228883,-1.02318560735674,4.95055974841813,-15.0889921655289,57.711921399079,-29.2817139726269,33.770501013747,2.22173425294523,1.06377008472609,0.87894120603492,0.763723405416043,-2.61503991869971,10.1597474025639,-29.2817139726269,23.8769806914233,-17.620434496049,-3.06139473792078,-3.32466909270266,-3.06543803558307,-0.406047952345883,4.30771950705644,-10.2850718212908,33.770501013747,-17.620434496049,21.1314740152252],"diff":[-7.44371790155474,10.349982650419,14.7295696135941,0.219931490358888,9.82316149581746,-1.04192634394685,-1.99841414504494,0.238685011538146,-1.15272594948225]}}
