{"description":{"TestName":"GFDL-ESM2G","variable":"tauv","neof1":2,"neof2":2,"TestPeriod":"1980-2005","nref":8,"ntest":1,"CommonSpace":"CCM"},"hotelling_res":{"T2":{"statistic":46.1402845542407,"mu":4,"nu":448,"p_value":0,"conf_int":[25.8909689871736,80.0117143730409],"threshold_95":9.63242917312144,"threshold_99":13.5368355379219},"Ts2":{"statistic":3.32503289636822,"conf_int":[1.36503289636822,5.28503289636822],"threshold_95":0.69414708170936,"threshold_99":0.975512481363312},"explvar.model.neof1":88.8040355691599,"explvar.model.neof2":88.6645767646631,"explvar.refmean.neof1":89.1458596100544,"explvar.refmean.neof2":89.0071440437873,"S":[3.15407456883198e-05,-8.91660527871875e-07,2.7428813174902e-08,1.13544864614233e-05,-8.91660527871875e-07,7.33482352692308e-06,2.02267751696481e-06,2.78995344127046e-06,2.7428813174902e-08,2.02267751696481e-06,1.91704770093711e-06,1.2799831036623e-06,1.13544864614233e-05,2.78995344127046e-06,1.2799831036623e-06,6.49177271322259e-06],"inv_S":[174465.900775585,137723.748404494,109927.351572752,-386014.547564419,137723.748404494,315624.462007346,-96252.8387127583,-357553.797076441,109927.351572752,-96252.8387127584,831890.824664637,-314926.904645399,-386014.547564419,-357553.797076441,-314926.9046454,1044962.11086427],"diff":[0.0139002644552407,0.00294915217749684,0.00180017760385666,0.012711842873157]}}
