{"description":{"TestName":"ACCESS1-0","variable":"tauu","neof1":2,"neof2":2,"TestPeriod":"1980-2005","nref":9,"ntest":1,"CommonSpace":"CCM"},"hotelling_res":{"T2":{"statistic":18.2896087248564,"mu":4,"nu":647.999999999996,"p_value":0,"conf_int":[7.60192292299438,42.5100854604083],"threshold_95":9.58736439446427,"threshold_99":13.4556581611028},"Ts2":{"statistic":2.03019420103239,"conf_int":[0.0701942010323893,3.99019420103239],"threshold_95":1.06422241665416,"threshold_99":1.49361309914843},"explvar.model.neof1":82.3127783078302,"explvar.model.neof2":82.0314281962332,"explvar.refmean.neof1":85.89696469948,"explvar.refmean.neof2":85.5802874175421,"S":[7.68795047292092e-05,-1.82109244475927e-05,1.50062853893319e-05,-2.76897502893282e-05,-1.82109244475927e-05,1.28159103840294e-05,-6.43708131794819e-06,7.30916746580615e-06,1.50062853893319e-05,-6.43708131794819e-06,4.93227721423561e-06,-4.96728308331114e-06,-2.76897502893282e-05,7.30916746580615e-06,-4.96728308331114e-06,1.06291514057924e-05],"inv_S":[1440191.76590537,-1080392.16956915,-2389884.98484661,3377887.94568672,-1080392.16956915,1043388.29583979,2062341.54785661,-2568206.42130629,-2389884.98484661,2062341.54785661,4660708.25798531,-5465935.96152858,3377887.94568672,-2568206.42130629,-5465935.96152858,8105395.24899149],"diff":[-0.00821790967854992,-0.0014869255679032,0.0024141965959169,0.0035829931762778]}}
