{"description":{"TestName":"CESM1-BGC","variable":"hfss","neof1":2,"neof2":2,"TestPeriod":"1980-2005","nref":12,"ntest":1,"CommonSpace":"CCM"},"hotelling_res":{"T2":{"statistic":35.8610480373359,"mu":4,"nu":1584,"p_value":0,"conf_int":[18.6973396704264,66.6297442073665],"threshold_95":9.52827194591271,"threshold_99":13.349435656066},"Ts2":{"statistic":2.91404776540931,"conf_int":[0.954047765409313,4.87404776540931],"threshold_95":0.774261799133462,"threshold_99":1.0847673247735},"explvar.model.neof1":84.0298964240039,"explvar.model.neof2":83.9761069408958,"explvar.refmean.neof1":88.8053196361279,"explvar.refmean.neof2":88.7417098329291,"S":[6.59323304817827,-0.782581343723621,0.847356992451111,1.43421544835171,-0.782581343723621,0.599642930426393,-0.303364361265458,-0.110194854082238,0.847356992451111,-0.303364361265458,0.481476364263715,0.162236027827333,1.43421544835171,-0.110194854082238,0.162236027827333,0.399819503882554],"inv_S":[0.863435060162772,0.469753785049953,-0.258984803651992,-2.86271873985379,0.469753785049953,2.70464484811618,1.38312318558108,-1.50088376593735,-0.258984803651992,1.38312318558108,3.43195802014941,-0.0823726022379933,-2.86271873985379,-1.50088376593735,-0.0823726022379933,12.3899147717576],"diff":[-0.0940934433696601,1.08356607528607,-0.350021104948099,-1.53864884759484]}}
