{"description":{"TestName":"inmcm4","variable":"hfls","neof1":3,"neof2":3,"TestPeriod":"1980-2005","nref":12,"ntest":1,"CommonSpace":"CCM"},"hotelling_res":{"T2":{"statistic":1177.12153334942,"mu":9,"nu":1584.00000000004,"p_value":0,"conf_int":[1054.24176697521,1323.67779698557],"threshold_95":17.0584339832779,"threshold_99":21.8775081701155},"Ts2":{"statistic":17.1219060768391,"conf_int":[15.1619060768391,19.0819060768391],"threshold_95":0.248124680591451,"threshold_99":0.318220871398164},"explvar.model.neof1":82.6400383140084,"explvar.model.neof2":82.5281604273066,"explvar.refmean.neof1":83.7692012417094,"explvar.refmean.neof2":83.6552471241912,"S":[79.2709425008782,3.31526779392272,-4.20698289015087,44.2802250645332,-27.8958263049027,0.617141906991606,4.15436709068468,2.64549542788393,22.0359361202865,3.31526779392272,12.511615145638,-8.20379941188811,3.85142960162564,9.65546827302118,0.812434033917866,-0.566369081541281,0.406981106671208,1.06517902301509,-4.20698289015087,-8.20379941188811,9.08892335301499,-2.61969078051048,-6.75863613133158,1.61019881255289,-0.360452215544274,-0.102345037443886,1.98196523190386,44.2802250645332,3.85142960162564,-2.61969078051048,36.4259123150318,-14.0965991411592,2.18277292647294,3.68409102916304,1.31344079519301,11.4004983359718,-27.8958263049027,9.65546827302118,-6.75863613133158,-14.0965991411592,21.0595811538321,1.25580606168457,-1.64913948450181,-0.984584504342385,-9.30154188343628,0.617141906991606,0.812434033917866,1.61019881255289,2.18277292647294,1.25580606168457,3.79752648108008,-0.0625308043125142,-0.273082671430969,1.73772051209375,4.15436709068468,-0.566369081541281,-0.360452215544274,3.68409102916304,-1.64913948450181,-0.0625308043125142,0.960100464507294,0.0102131986224109,-0.311201193576553,2.64549542788393,0.406981106671208,-0.102345037443886,1.31344079519301,-0.984584504342385,-0.273082671430969,0.0102131986224109,0.341081617553828,1.04081719397477,22.0359361202865,1.06517902301509,1.98196523190386,11.4004983359718,-9.30154188343628,1.73772051209375,-0.311201193576553,1.04081719397477,10.650144771212],"inv_S":[0.678104922203432,0.531283238793569,1.01696157757677,0.134464046827084,-0.111041763834036,0.16355332860654,-3.58721390757894,-0.0437713936967473,-2.01358623972124,0.531283238793569,5.18116187725757,0.997326775415786,0.0461502675265631,-6.14680795128397,4.10866894288704,-12.060969006668,1.25608381714568,-8.36648185603438,1.01696157757677,0.997326775415789,2.21261269086828,0.186598771323077,0.284984697267362,-0.501399682032242,-4.04522250149355,-0.922240343106377,-2.5127899908434,0.134464046827084,0.0461502675265633,0.186598771323076,0.221073398510806,-0.0698597706738235,0.0824049224140198,-1.67243235293791,0.12623172816915,-0.689871001228187,-0.111041763834032,-6.14680795128397,0.284984697267374,-0.0698597706738218,8.68340474173285,-6.25234952890379,15.0756304730879,-2.96969906986331,10.2010184692812,0.163553328606536,4.10866894288704,-0.501399682032252,0.0824049224140186,-6.25234952890379,5.17195972362903,-11.7291978570557,3.36303742314112,-7.72013713815342,-3.58721390757893,-12.060969006668,-4.04522250149354,-1.6724323529379,15.0756304730879,-11.7291978570557,48.7108223481511,-6.18757724675905,28.2800323933632,-0.0437713936967494,1.25608381714568,-0.922240343106381,0.12623172816915,-2.96969906986331,3.36303742314112,-6.18757724675905,7.76806486385374,-4.08090068579299,-2.01358623972123,-8.36648185603438,-2.51278999084339,-0.689871001228186,10.2010184692812,-7.72013713815342,28.2800323933632,-4.08090068579299,17.6971384906755],"diff":[-5.12670479779764,-1.26706161043594,18.0059331845364,3.93764450602934,7.66459749482979,1.94809811358476,0.930381821819589,-0.520777639772442,-0.19795037545741]}}
