{"description":{"TestName":"MPI-ESM-P","variable":"hfss","neof1":2,"neof2":2,"TestPeriod":"1980-2005","nref":12,"ntest":1,"CommonSpace":"CCM"},"hotelling_res":{"T2":{"statistic":165.540978271081,"mu":4,"nu":1584,"p_value":0,"conf_int":[121.710389676249,223.03737852202],"threshold_95":9.5282719459127,"threshold_99":13.349435656066},"Ts2":{"statistic":6.3946237775811,"conf_int":[4.4346237775811,8.3546237775811],"threshold_95":0.36806423992987,"threshold_99":0.51567061856902},"explvar.model.neof1":83.3537302087785,"explvar.model.neof2":83.2821719020316,"explvar.refmean.neof1":87.1211586012117,"explvar.refmean.neof2":86.97617655267,"S":[6.45189075176127,-0.94975667437543,-0.879741735724472,-1.55265978366271,-0.94975667437543,0.855201917950141,0.256550046656862,0.0447722346769743,-0.879741735724472,0.256550046656862,0.464490986305079,0.163748914093773,-1.55265978366271,0.0447722346769743,0.163748914093773,0.520646562216268],"inv_S":[1.0356702446854,0.856640042336075,0.478624054901512,2.86435326385817,0.856640042336075,2.11900062384789,-0.432191233428212,2.50835996917812,0.478624054901512,-0.432191233428212,3.12872513345708,0.480489383625516,2.86435326385817,2.50835996917812,0.480489383625516,10.0958731017522],"diff":[1.4866992389454,-1.23541466352081,0.0826322069601317,-4.13788158818935]}}
