{"description":{"TestName":"FIO-ESM","variable":"tauv","neof1":2,"neof2":2,"TestPeriod":"1980-2005","nref":8,"ntest":1,"CommonSpace":"CCM"},"hotelling_res":{"T2":{"statistic":806.544330558929,"mu":4,"nu":448,"p_value":0,"conf_int":[701.955623386815,924.812434815762],"threshold_95":9.63242917312144,"threshold_99":13.5368355379219},"Ts2":{"statistic":14.1822889348052,"conf_int":[12.2222889348052,16.1422889348052],"threshold_95":0.169376794927794,"threshold_99":0.238031941441712},"explvar.model.neof1":87.8754349983784,"explvar.model.neof2":87.7155044454811,"explvar.refmean.neof1":88.5913931595669,"explvar.refmean.neof2":88.3883637835747,"S":[3.08098940364216e-05,-1.46067667778372e-06,-4.25289893983288e-07,-1.10956521581744e-05,-1.46067667778372e-06,5.90102198321908e-06,-2.01702286492785e-06,3.92377176475488e-06,-4.25289893983288e-07,-2.01702286492785e-06,1.58749220167909e-06,-1.05797357945233e-06,-1.10956521581744e-05,3.92377176475488e-06,-1.05797357945233e-06,7.21641315508101e-06],"inv_S":[123503.980077352,-133665.628887428,42385.899717955,268786.410089657,-133665.628887428,576379.887050113,388672.063105859,-461931.101330314,42385.899717955,388672.063105859,1150075.06969416,22447.1309167017,268786.410089657,-461931.101330314,22447.1309167017,806303.778658904],"diff":[-0.129651545439031,-0.00143022559699838,-0.00117013718199927,0.0587619660473264]}}
