{"description":{"TestName":"CanESM2","variable":"hfss","neof1":2,"neof2":2,"TestPeriod":"1980-2005","nref":12,"ntest":1,"CommonSpace":"CCM"},"hotelling_res":{"T2":{"statistic":204.68497775235,"mu":4,"nu":1584,"p_value":0,"conf_int":[155.232238542273,267.806790797109],"threshold_95":9.5282719459127,"threshold_99":13.349435656066},"Ts2":{"statistic":7.11871355787571,"conf_int":[5.15871355787571,9.07871355787571],"threshold_95":0.331382593042868,"threshold_99":0.464278373715364},"explvar.model.neof1":82.2244702341411,"explvar.model.neof2":82.0772478860657,"explvar.refmean.neof1":85.9894440435283,"explvar.refmean.neof2":85.5746301882416,"S":[6.16828666523441,-1.31264028097764,0.910315927641879,1.29442566794756,-1.31264028097764,1.1618018361358,-0.268877400560267,-0.056553659070267,0.910315927641879,-0.268877400560267,0.565786311846805,0.20584849609317,1.29442566794756,-0.056553659070267,0.20584849609317,0.413500990628713],"inv_S":[1.00328143746263,0.972512593235955,-0.0705622639293886,-2.97254176201096,0.972512593235955,1.91451085474777,0.436534994576171,-2.99983015557144,-0.0705622639293885,0.436534994576172,2.42568939795944,-0.926960917559382,-2.97254176201096,-2.99983015557144,-0.926960917559382,11.7748121650686],"diff":[-2.09721221109272,-0.0953715503648834,0.137384995314898,-4.69772660749366]}}
