{"description":{"TestName":"MPI-ESM-LR","variable":"hfls","neof1":3,"neof2":3,"TestPeriod":"1980-2005","nref":12,"ntest":1,"CommonSpace":"CCM"},"hotelling_res":{"T2":{"statistic":729.502126269875,"mu":9,"nu":1584.00000000004,"p_value":0,"conf_int":[635.173859436592,847.502967336509],"threshold_95":17.0584339832777,"threshold_99":21.8775081701156},"Ts2":{"statistic":13.463187909498,"conf_int":[11.503187909498,15.423187909498],"threshold_95":0.314818687826103,"threshold_99":0.403756196012622},"explvar.model.neof1":84.9269128860817,"explvar.model.neof2":84.7951303047458,"explvar.refmean.neof1":86.7287666163022,"explvar.refmean.neof2":86.5802175277167,"S":[79.7540980454232,1.2424968264492,-8.45867358594093,44.0884371182587,-30.0928598988794,-0.909308527111121,3.87551175458424,3.71690870222415,23.3867213922736,1.2424968264492,13.3355766474444,-8.54358570987361,3.43078529179242,9.08960102609078,-0.264416023219361,-1.48148718911685,-0.11820644659895,3.00820686602561,-8.45867358594093,-8.54358570987361,10.9220229444708,-4.64531207971438,-4.00733579494252,2.64074045692884,0.473861864919609,0.169957207821227,-0.878637926160812,44.0884371182587,3.43078529179242,-4.64531207971438,36.8919087932708,-15.1884895625944,0.963381692929568,3.66805781544739,1.54297662631692,11.7631312150465,-30.0928598988794,9.08960102609078,-4.00733579494252,-15.1884895625944,19.8388223459196,0.604146915801617,-2.41213971222653,-1.90534474598294,-8.09034093177088,-0.909308527111121,-0.264416023219361,2.64074045692884,0.963381692929568,0.604146915801617,2.40764229343715,0.055011656293446,-0.172697495666918,1.29312836177588,3.87551175458424,-1.48148718911685,0.473861864919609,3.66805781544739,-2.41213971222653,0.055011656293446,1.01661241847658,0.071696150527078,-0.502865960685318,3.71690870222415,-0.11820644659895,0.169957207821227,1.54297662631692,-1.90534474598294,-0.172697495666918,0.071696150527078,0.502592813232978,1.67034524817431,23.3867213922736,3.00820686602561,-0.878637926160812,11.7631312150465,-8.09034093177088,1.29312836177588,-0.502865960685318,1.67034524817431,12.5797513856692],"inv_S":[0.686888779691175,0.0366750477115532,0.957637174826755,0.14027228996565,0.62344318355564,-0.357175751405225,-2.55792882210562,0.27199386534479,-1.05072860732987,0.0366750477115448,2.04784578420169,-0.427627583627132,0.037141175015777,-3.02869759196738,3.75118621492558,-6.4731274989134,2.96269921208527,-3.60805911186362,0.957637174826758,-0.42762758362711,2.31201260646867,0.0602111196323896,2.41154677906787,-3.4700030235573,0.905030287510546,-2.79457450589659,0.741982644789327,0.140272289965649,0.0371411750157772,0.0602111196323877,0.317298176533368,-0.213722488512984,0.629880003611479,-2.79731803707271,1.24223963684183,-1.04111772981924,0.623443183555652,-3.02869759196736,2.4115467790679,-0.213722488512982,6.22655955121803,-8.29172762306879,11.6164083086584,-6.88578200235548,6.16895866551208,-0.357175751405244,3.75118621492555,-3.47000302355733,0.629880003611476,-8.29172762306878,13.2418207086637,-20.2183671808517,12.9466711750812,-10.2854360459052,-2.55792882210559,-6.47312749891339,0.905030287510624,-2.79731803707271,11.6164083086585,-20.2183671808518,53.1273999916698,-24.0872432968631,23.8534212811178,0.271993865344773,2.96269921208525,-2.79457450589662,1.24223963684182,-6.88578200235547,12.9466711750812,-24.087243296863,18.7428859470041,-11.781733692629,-1.05072860732986,-3.60805911186361,0.741982644789369,-1.04111772981924,6.16895866551211,-10.2854360459052,23.8534212811178,-11.781733692629,11.4636310280073],"diff":[-9.1641440738852,5.48559628159922,7.83001513085536,4.9197720658158,10.6995177222904,3.22036600002397,-0.504366799918349,0.474610043653138,-7.17603610198599]}}
