{"description":{"TestName":"CESM1-BGC","variable":"tauv","neof1":2,"neof2":2,"TestPeriod":"1980-2005","nref":8,"ntest":1,"CommonSpace":"CCM"},"hotelling_res":{"T2":{"statistic":26.5564604663012,"mu":4,"nu":448,"p_value":0,"conf_int":[12.5729308220592,54.118331080555],"threshold_95":9.63242917312144,"threshold_99":13.5368355379219},"Ts2":{"statistic":2.48478036496488,"conf_int":[0.524780364964879,4.44478036496488],"threshold_95":0.901267354761328,"threshold_99":1.26658683264924},"explvar.model.neof1":88.5737630726676,"explvar.model.neof2":88.4458914625562,"explvar.refmean.neof1":90.0879709642775,"explvar.refmean.neof2":89.959645126539,"S":[3.12664909946434e-05,9.15422459915781e-07,5.22830175760772e-08,1.15376189662278e-05,9.15422459915781e-07,7.96558563435118e-06,2.50698000910006e-06,4.4195161719147e-06,5.22830175760772e-08,2.50698000910006e-06,1.75228976804967e-06,1.39539183131288e-06,1.15376189662278e-05,4.4195161719147e-06,1.39539183131288e-06,7.55425485566672e-06],"inv_S":[137833.538826983,138441.048132522,35121.4051447558,-297993.841574669,138441.048132522,427437.703097549,-290947.068500242,-407765.266076981,35121.4051447558,-290947.068500242,1047076.47496836,-76838.0319080748,-297993.841574669,-407765.266076981,-76838.0319080748,840252.793886152],"diff":[0.00967757720447099,-0.000518934297976441,0.00444246959781,0.00450282185366876]}}
