{"description":{"TestName":"HadGEM2-CC","variable":"hfls","neof1":3,"neof2":3,"TestPeriod":"1980-2005","nref":12,"ntest":1,"CommonSpace":"CCM"},"hotelling_res":{"T2":{"statistic":721.280608336682,"mu":9,"nu":1584.00000000001,"p_value":0,"conf_int":[627.548932187409,838.684741319247],"threshold_95":17.0584339832777,"threshold_99":21.8775081701155},"Ts2":{"statistic":13.3866398820814,"conf_int":[11.4266398820814,15.3466398820814],"threshold_95":0.316596772527962,"threshold_99":0.406036596583399},"explvar.model.neof1":84.9666792740651,"explvar.model.neof2":84.8400365206883,"explvar.refmean.neof1":87.2595453961669,"explvar.refmean.neof2":87.1004389140084,"S":[85.1525036868413,4.55183108636245,8.6172700104303,42.7417698041986,-34.2016178487302,4.59087646496996,-3.33457529628554,-1.83866996262899,24.8175777472248,4.55183108636245,13.9342916917855,7.1334131786741,4.78231870845838,8.79872030367119,-2.55615194589958,0.914747340166998,0.541063900615393,3.71048757441194,8.6172700104303,7.1334131786741,8.67427536226791,3.83685711487426,2.63224390275429,1.48372528403604,-0.192633270885708,0.317525062212143,0.0735802984130257,42.7417698041986,4.78231870845838,3.83685711487426,32.6623196828716,-14.8725463190676,0.807648363314904,-2.85086071831899,-0.85033618363875,11.5485539026913,-34.2016178487302,8.79872030367119,2.63224390275429,-14.8725463190676,24.0744629343561,-4.90120935638807,1.61106336250351,1.51451931478637,-10.0144076992684,4.59087646496996,-2.55615194589958,1.48372528403604,0.807648363314904,-4.90120935638807,3.53929569967875,-0.491180845633874,-0.447224517993278,-0.944730312837276,-3.33457529628554,0.914747340166998,-0.192633270885708,-2.85086071831899,1.61106336250351,-0.491180845633874,0.924496160263568,0.0810590753354258,0.853049615554172,-1.83866996262899,0.541063900615393,0.317525062212143,-0.85033618363875,1.51451931478637,-0.447224517993278,0.0810590753354258,0.259278739931026,-0.608666484928025,24.8175777472248,3.71048757441194,0.0735802984130257,11.5485539026913,-10.0144076992684,-0.944730312837276,0.853049615554172,-0.608666484928025,13.4704146015235],"inv_S":[0.60053639903244,-0.171194251048004,-0.861916392704068,-0.00985470463118152,0.900663153404149,0.864439232206983,1.30715848298265,0.586901077841298,-0.372148236571808,-0.171194251048006,3.81231459611735,0.166607897125887,-0.0505350091993727,-5.80055511370128,-5.92891705521004,8.28489671096563,-2.71823178481349,-6.06795339989949,-0.861916392704068,0.166607897125884,1.86945057752425,0.0243500914919941,-1.82435606612742,-2.47738777132933,-0.675824217457495,-2.25867148404224,-0.078309194944401,-0.0098547046311814,-0.0505350091993722,0.024350091491994,0.157611388916778,-0.0359325253141957,-0.0767450901909349,0.698808869546088,-0.0444707149742067,-0.181540717220467,0.900663153404151,-5.80055511370128,-1.82435606612742,-0.0359325253141953,10.4581770377905,11.4092876304025,-13.0945362578331,5.95206619437694,9.65256674757368,0.864439232206986,-5.92891705521004,-2.47738777132933,-0.0767450901909342,11.4092876304025,13.599625173993,-15.2254901971732,8.45000145055822,10.9017456827047,1.30715848298264,8.28489671096565,-0.675824217457488,0.698808869546086,-13.0945362578331,-15.2254901971732,32.1148121692315,-8.11715044800774,-18.4891258316434,0.586901077841301,-2.7182317848135,-2.25867148404224,-0.0444707149742064,5.95206619437694,8.45000145055822,-8.11715044800773,12.2832609635485,5.80460230787519,-0.372148236571803,-6.06795339989949,-0.0783091949444051,-0.181540717220467,9.65256674757369,10.9017456827047,-18.4891258316434,5.80460230787519,11.9612008950911],"diff":[7.38250157644808,-7.07725478881117,7.83907068115443,-1.04945306191873,-10.0377101226827,-1.78351647880463,-0.309789383177342,-2.0655217413623,4.66515423058097]}}
