{"description":{"TestName":"CanCM4","variable":"tauv","neof1":2,"neof2":2,"TestPeriod":"1980-2005","nref":8,"ntest":1,"CommonSpace":"CCM"},"hotelling_res":{"T2":{"statistic":100.392987253646,"mu":4,"nu":448,"p_value":0,"conf_int":[67.6504567606499,146.79029295067],"threshold_95":9.63242917312144,"threshold_99":13.5368355379219},"Ts2":{"statistic":4.96064644045965,"conf_int":[3.00064644045965,6.92064644045965],"threshold_95":0.47596029162773,"threshold_99":0.668885913879816},"explvar.model.neof1":88.2700546674195,"explvar.model.neof2":88.1908199336573,"explvar.refmean.neof1":87.9073607526176,"explvar.refmean.neof2":87.8240254484789,"S":[2.99127261461829e-05,-6.84603745253422e-07,1.62597990992928e-06,-1.08449896120842e-05,-6.84603745253422e-07,7.18516795633767e-06,-2.57728117362381e-06,4.09945465944514e-06,1.62597990992928e-06,-2.57728117362381e-06,1.75763821299627e-06,-2.00788693130194e-06,-1.08449896120842e-05,4.09945465944514e-06,-2.00788693130194e-06,7.05041522903088e-06],"inv_S":[151414.591655026,-188084.234320152,-36858.5534004068,331771.190873647,-188084.234320152,553588.096116779,426173.885694086,-489825.319460727,-36858.5534004068,426173.885694086,1304515.9558919,67018.6611673975,331771.190873647,-489825.319460727,67018.6611673977,956062.51287825],"diff":[0.0144798947110948,0.00311517107817646,-0.00329731546638426,-0.0124060997948347]}}
