{"description":{"TestName":"MIROC-ESM-CHEM","variable":"tauu","neof1":2,"neof2":2,"TestPeriod":"1980-2005","nref":9,"ntest":1,"CommonSpace":"CCM"},"hotelling_res":{"T2":{"statistic":178.927053096946,"mu":4,"nu":648.000000000002,"p_value":0,"conf_int":[133.106318506532,238.414874982631],"threshold_95":9.58736439446421,"threshold_99":13.4556581611028},"Ts2":{"statistic":6.65111196445009,"conf_int":[4.69111196445009,8.61111196445009],"threshold_95":0.356383413954813,"threshold_99":0.500176398346936},"explvar.model.neof1":82.7322648857032,"explvar.model.neof2":82.2927519041709,"explvar.refmean.neof1":82.1002111763737,"explvar.refmean.neof2":81.4977933918018,"S":[7.10379023610439e-05,1.32417304971595e-05,6.70620281743983e-06,2.59971721496574e-05,1.32417304971595e-05,9.52975215974086e-06,3.88078210263396e-06,5.10724369555729e-06,6.70620281743983e-06,3.88078210263396e-06,2.89180053799161e-06,2.73462311480022e-06,2.59971721496574e-05,5.10724369555729e-06,2.73462311480022e-06,9.72438036390518e-06],"inv_S":[743588.430166675,-52407.7156980471,272115.871914682,-2036908.37502643,-52407.7156980469,251689.431994304,-304765.224852459,93623.5663949622,272115.871914681,-304765.224852459,899534.632478883,-820373.205651083,-2036908.37502643,93623.566394963,-820373.205651085,5729836.63279653],"diff":[-0.000664246008396346,0.00299110649059776,-0.00428453133751969,-0.00609771076502054]}}
