{"description":{"TestName":"MIROC-ESM","variable":"tauu","neof1":2,"neof2":2,"TestPeriod":"1980-2005","nref":9,"ntest":1,"CommonSpace":"CCM"},"hotelling_res":{"T2":{"statistic":276.235373255663,"mu":4,"nu":648.000000000012,"p_value":0,"conf_int":[217.744252168295,348.39914658763],"threshold_95":9.58736439446421,"threshold_99":13.4556581611028},"Ts2":{"statistic":8.28024380034983,"conf_int":[6.32024380034983,10.2402438003498],"threshold_95":0.287384318863042,"threshold_99":0.403337663656059},"explvar.model.neof1":82.3709723727333,"explvar.model.neof2":81.8671700002495,"explvar.refmean.neof1":82.1852413735453,"explvar.refmean.neof2":81.4615944005616,"S":[7.12842798186082e-05,1.47919196786244e-05,6.17830702537298e-06,2.66341224765841e-05,1.47919196786244e-05,1.02636162242608e-05,3.74390367902997e-06,5.84863112881867e-06,6.17830702537298e-06,3.74390367902997e-06,2.79868609010546e-06,2.52644969315269e-06,2.66341224765841e-05,5.84863112881867e-06,2.52644969315269e-06,1.01249993573804e-05],"inv_S":[893407.648867528,20033.6809370667,171559.294254647,-2404517.1183136,20033.6809370667,223753.270171298,-231428.977719886,-124201.112385234,171559.294254647,-231428.977719886,742030.887885489,-502764.697685529,-2404517.1183136,-124201.112385234,-502764.697685529,6621118.40882903],"diff":[2.47845083247711e-05,0.00498471105860627,-0.00494476374641527,-0.00631427798730469]}}
