{"description":{"TestName":"HadGEM2-ES","variable":"tauu","neof1":2,"neof2":2,"TestPeriod":"1980-2005","nref":9,"ntest":1,"CommonSpace":"CCM"},"hotelling_res":{"T2":{"statistic":20.228460513045,"mu":4,"nu":648.000000000012,"p_value":0,"conf_int":[8.71557452401213,45.2880424739438],"threshold_95":9.58736439446422,"threshold_99":13.4556581611029},"Ts2":{"statistic":2.14525115062726,"conf_int":[0.185251150627257,4.10525115062726],"threshold_95":1.01675085384989,"threshold_99":1.42698778950271},"explvar.model.neof1":82.6841532702783,"explvar.model.neof2":82.5130359739171,"explvar.refmean.neof1":85.5205050655826,"explvar.refmean.neof2":85.3435414708464,"S":[7.87910313734759e-05,-1.4323241987306e-05,1.14806190223579e-05,-2.60893194001334e-05,-1.4323241987306e-05,1.099890958593e-05,-4.67691697299843e-06,4.37185970988211e-06,1.14806190223579e-05,-4.67691697299843e-06,3.54088091774839e-06,-3.04149633154389e-06,-2.60893194001334e-05,4.37185970988211e-06,-3.04149633154389e-06,9.15346296754592e-06],"inv_S":[1448982.77246111,-519087.873628606,-2271618.16798061,3623026.11696083,-519087.873628605,394194.899041071,1079140.17844182,-1309210.87213968,-2271618.16798061,1079140.17844182,4294634.90960562,-5562998.97259573,3623026.11696083,-1309210.87213968,-5562998.97259574,9212483.9697843],"diff":[-0.0261480454254737,0.00431726448009967,-0.000868923973205107,0.0110441759115953]}}
