{"description":{"TestName":"IPSL-CM5B-LR","variable":"hfls","neof1":3,"neof2":3,"TestPeriod":"1980-2005","nref":12,"ntest":1,"CommonSpace":"CCM"},"hotelling_res":{"T2":{"statistic":1415.59751556783,"mu":9,"nu":1584.00000000004,"p_value":0,"conf_int":[1279.74296582455,1575.12964183416],"threshold_95":17.0584339832777,"threshold_99":21.8775081701156},"Ts2":{"statistic":18.7823838686145,"conf_int":[16.8223838686145,20.7423838686145],"threshold_95":0.226334146357145,"threshold_99":0.290274426184645},"explvar.model.neof1":85.55802290174,"explvar.model.neof2":85.2756673019834,"explvar.refmean.neof1":86.119888398108,"explvar.refmean.neof2":85.8867690450087,"S":[86.8444384831023,6.70104886696802,2.21882979286373,42.4018161213364,-32.1036115908548,-3.27689531670712,-2.06316519925952,4.39935637961868,-25.6845802053324,6.70104886696802,16.498857773926,7.91382003742673,4.57869929752625,11.6752832560517,-4.21918510044193,-1.34322643109291,-1.63262652573162,-4.0488824793489,2.21882979286373,7.91382003742673,8.34845335252526,0.410520482582285,6.87194650851816,0.562467243340084,-0.145998248306475,-1.26580384089001,1.25838587414246,42.4018161213364,4.57869929752625,0.410520482582285,31.1219646767444,-13.4041301295457,-3.3438930496632,-0.309372899829557,1.80032206369522,-11.1493798085708,-32.1036115908548,11.6752832560517,6.87194650851816,-13.4041301295457,27.1572343304276,-3.41539152134381,0.340365091582989,-3.94398796946275,9.53058695952476,-3.27689531670712,-4.21918510044193,0.562467243340084,-3.3438930496632,-3.41539152134381,3.93523179737523,0.604425490497808,0.53663550036384,3.24317159213946,-2.06316519925952,-1.34322643109291,-0.145998248306475,-0.309372899829557,0.340365091582989,0.604425490497808,0.861053410791045,-0.0579781527461096,2.66450053185435,4.39935637961868,-1.63262652573162,-1.26580384089001,1.80032206369522,-3.94398796946275,0.53663550036384,-0.0579781527461096,0.78477582073445,-1.36439604600857,-25.6845802053324,-4.0488824793489,1.25838587414246,-11.1493798085708,9.53058695952476,3.24317159213946,2.66450053185435,-1.36439604600857,13.9833540559361],"inv_S":[0.657221416339327,-0.35739698031359,-1.30803682030352,-0.0326943976870075,1.47249447254442,2.08592222835367,-0.228966726310359,-1.12914466831293,-0.358595531527882,-0.35739698031359,0.91164398421098,0.424188556555362,-0.0795977732647118,-1.58519293517207,-1.59628330464245,-1.41525659400749,-0.0974286577194929,1.21667159698685,-1.30803682030352,0.424188556555364,3.44155492359988,-0.0535064090235565,-3.26914060354288,-5.47541311569836,-0.643508493826863,3.4620006810558,1.32632323990652,-0.0326943976870077,-0.0795977732647117,-0.053506409023556,0.128070539970081,0.1687107988597,0.286752825435732,0.148183117586004,-0.0275542560104432,-0.188589630749635,1.47249447254442,-1.58519293517207,-3.26914060354287,0.168710798859701,5.0762584544917,6.94279141760186,3.75611020871881,-1.90334419588801,-3.29709565201561,2.08592222835367,-1.59628330464246,-5.47541311569836,0.286752825435733,6.94279141760186,11.1125686468243,5.60009756339348,-5.11607878567061,-4.78501028288444,-0.228966726310364,-1.41525659400749,-0.643508493826848,0.148183117586005,3.7561102087188,5.60009756339346,16.9509363422554,-0.241981817901549,-7.76674464658926,-1.12914466831293,-0.0974286577194907,3.46200068105581,-0.0275542560104438,-1.90334419588802,-5.11607878567062,-0.241981817901572,8.58357196553282,0.931724351224081,-0.35859553152788,1.21667159698685,1.32632323990652,-0.188589630749635,-3.2970956520156,-4.78501028288443,-7.76674464658926,0.931724351224069,4.42323801774996],"diff":[-7.78210202356475,10.6320703518388,-17.3602886174351,-0.717569889058688,6.57134310988529,0.426852094452057,-3.64787718009121,0.380568543658539,-0.842862503112531]}}
