{"description":{"TestName":"inmcm4","variable":"tauu","neof1":2,"neof2":2,"TestPeriod":"1980-2005","nref":9,"ntest":1,"CommonSpace":"CCM"},"hotelling_res":{"T2":{"statistic":651.260241970302,"mu":4,"nu":647.999999999991,"p_value":0,"conf_int":[557.948519717818,758.250522604055],"threshold_95":9.5873643944642,"threshold_99":13.4556581611029},"Ts2":{"statistic":12.7403528709403,"conf_int":[10.7803528709403,14.7003528709403],"threshold_95":0.187553911042112,"threshold_99":0.263227849691176},"explvar.model.neof1":85.8478919672611,"explvar.model.neof2":85.5805652094211,"explvar.refmean.neof1":83.9605452036804,"explvar.refmean.neof2":83.6097707915232,"S":[7.87199448321301e-05,-1.1449024370963e-05,-7.74861827651077e-06,2.72209255569123e-05,-1.1449024370963e-05,9.00639989904239e-06,3.68834329543958e-06,-3.35891928936248e-06,-7.74861827651077e-06,3.68834329543958e-06,2.50965512725207e-06,-2.0261217764297e-06,2.72209255569123e-05,-3.35891928936248e-06,-2.0261217764297e-06,9.81312976206716e-06],"inv_S":[1234792.77889425,-317058.346121085,1710662.61020792,-3180551.53628087,-317058.346121085,361679.23811424,-840598.736416397,829737.076626192,1710662.61020792,-840598.736416397,3422837.08830119,-4326268.90129949,-3180551.53628087,829737.076626191,-4326268.90129949,8315290.92324984],"diff":[0.010445388433645,-0.00440123928769742,-0.00618571493028129,0.00991033777109965]}}
