{"description":{"TestName":"GFDL-CM3","variable":"hfss","neof1":2,"neof2":2,"TestPeriod":"1980-2005","nref":12,"ntest":1,"CommonSpace":"CCM"},"hotelling_res":{"T2":{"statistic":124.256265707633,"mu":4,"nu":1584,"p_value":0,"conf_int":[87.1268485598862,175.045837396088],"threshold_95":9.52827194591271,"threshold_99":13.349435656066},"Ts2":{"statistic":5.52919404849415,"conf_int":[3.56919404849415,7.48919404849415],"threshold_95":0.423992015499125,"threshold_99":0.594027349525775},"explvar.model.neof1":86.3467698645691,"explvar.model.neof2":86.2715336840569,"explvar.refmean.neof1":85.696647444055,"explvar.refmean.neof2":85.5469958471014,"S":[6.11984878348895,1.5908231720735,0.581070450283565,-1.27928574447578,1.5908231720735,1.09075147047722,0.345948952289085,-0.139290936527686,0.581070450283565,0.345948952289085,0.447216660828487,0.0367891921823655,-1.27928574447578,-0.139290936527686,0.0367891921823655,0.657875716550219],"inv_S":[0.539872336240532,-0.554549195805699,-0.350797099170549,0.952023053742691,-0.554549195805699,1.85140096414245,-0.658207477874608,-0.64955822881336,-0.350797099170549,-0.658207477874608,3.28369310201973,-1.00513891021946,0.952023053742691,-0.64955822881336,-1.00513891021946,3.28999861392127],"diff":[-3.88349880551225,2.66283553305991,-1.92937591492276,6.0367179252935]}}
