{"description":{"TestName":"CESM1-CAM5","variable":"hfss","neof1":2,"neof2":2,"TestPeriod":"1980-2005","nref":12,"ntest":1,"CommonSpace":"CCM"},"hotelling_res":{"T2":{"statistic":31.6244657745542,"mu":4,"nu":1584,"p_value":0,"conf_int":[15.853761972252,60.9899267821958],"threshold_95":9.52827194591271,"threshold_99":13.349435656066},"Ts2":{"statistic":2.72687672862118,"conf_int":[0.766876728621178,4.68687672862118],"threshold_95":0.821592472692123,"threshold_99":1.15107922107707},"explvar.model.neof1":87.8883589363533,"explvar.model.neof2":87.6458965538828,"explvar.refmean.neof1":90.5226361539644,"explvar.refmean.neof2":90.2481570768429,"S":[6.63981457107928,-1.3060381315382,-0.59437076698492,-1.22783714690567,-1.3060381315382,1.20943876994242,0.22061164964492,0.059506933925205,-0.59437076698492,0.22061164964492,0.385694524440377,0.123098649302518,-1.22783714690567,0.059506933925205,0.123098649302518,0.325691947197658],"inv_S":[0.973671217415693,0.904211594936524,-0.154131024792629,3.56372382226801,0.904211594936525,1.76320709800329,-0.682585480213963,3.34465404094042,-0.154131024792629,-0.682585480213963,3.2879013336358,-1.69904551412294,3.563723822268,3.34465404094042,-1.69904551412294,16.536462253701],"diff":[0.859092229573905,-1.97047572024819,-0.684252496505025,-1.14833609420966]}}
