{"description":{"TestName":"FGOALS-g2","variable":"hfss","neof1":2,"neof2":2,"TestPeriod":"1980-2005","nref":12,"ntest":1,"CommonSpace":"CCM"},"hotelling_res":{"T2":{"statistic":77.6966149441475,"mu":4,"nu":1584,"p_value":0,"conf_int":[49.6335265926855,119.406320004304],"threshold_95":9.52827194591269,"threshold_99":13.349435656066},"Ts2":{"statistic":4.35163202952716,"conf_int":[2.39163202952716,6.31163202952716],"threshold_95":0.533659457566909,"threshold_99":0.747675195615772},"explvar.model.neof1":85.4223555327808,"explvar.model.neof2":85.1900347572561,"explvar.refmean.neof1":88.0601615197404,"explvar.refmean.neof2":87.7207838511359,"S":[6.35813398547441,1.70875084182994,0.714074068629034,-0.962536272854858,1.70875084182994,2.00349539179955,0.207545431170546,0.303095945378357,0.714074068629034,0.207545431170546,0.398542435744001,-0.168914876449137,-0.962536272854858,0.303095945378357,-0.168914876449137,0.498919023757663],"inv_S":[0.621137928574049,-0.784035251160853,0.00601920015719022,1.67666972990832,-0.784035251160853,1.64004180651151,-0.598555085861468,-2.71157679743484,0.00601920015719025,-0.598555085861468,3.46652257294274,1.54886968308346,1.67666972990832,-2.71157679743484,1.54886968308346,7.41072262353499],"diff":[-3.66379031343529,-3.8299805699077,-0.143140761928456,2.53229144356028]}}
