{"description":{"TestName":"bcc-csm1-1-m","variable":"hfls","neof1":3,"neof2":3,"TestPeriod":"1980-2005","nref":12,"ntest":1,"CommonSpace":"CCM"},"hotelling_res":{"T2":{"statistic":1235.04673114833,"mu":9,"nu":1584,"p_value":0,"conf_int":[1108.90320555941,1384.86705437754],"threshold_95":17.058433983278,"threshold_99":21.8775081701157},"Ts2":{"statistic":17.5396911871701,"conf_int":[15.5796911871701,19.4996911871701],"threshold_95":0.242257767789265,"threshold_99":0.310696532828226},"explvar.model.neof1":84.0078579554057,"explvar.model.neof2":83.8871466005821,"explvar.refmean.neof1":85.7916524616986,"explvar.refmean.neof2":85.6347275188497,"S":[81.178694299212,2.88064013322193,-8.4657298288335,46.475537404238,-30.6110534302503,-3.98608471498344,-0.898884510264052,1.84075273308579,24.9435155654223,2.88064013322193,11.0194093833843,-4.94147214964138,3.19008955384785,9.35160295190373,2.35535391471724,-0.723054830367762,-2.05670420925648,1.62220709878747,-8.4657298288335,-4.94147214964138,6.82428386681251,-4.10235502239937,-2.07010139196572,1.78933933042169,-0.194919093641197,0.585654503196497,0.494515419299461,46.475537404238,3.19008955384785,-4.10235502239937,38.6573140527665,-15.3329414900399,-0.934336765528791,-0.129695802674876,1.16389670342729,12.6915375418178,-30.6110534302503,9.35160295190373,-2.07010139196572,-15.3329414900399,23.7487545261229,5.33928888805366,0.0273911690986114,-3.05147621720257,-10.298037333374,-3.98608471498344,2.35535391471724,1.78933933042169,-0.934336765528791,5.33928888805366,4.86893216881331,-0.539374114089158,-1.47577332003408,1.17156091721344,-0.898884510264052,-0.723054830367762,-0.194919093641197,-0.129695802674876,0.0273911690986114,-0.539374114089158,0.505618958092344,0.328961582519524,-1.76217222609677,1.84075273308579,-2.05670420925648,0.585654503196497,1.16389670342729,-3.05147621720257,-1.47577332003408,0.328961582519524,0.999935978912001,-0.162939543025242,24.9435155654223,1.62220709878747,0.494515419299461,12.6915375418178,-10.298037333374,1.17156091721344,-1.76217222609677,-0.162939543025242,13.5514438673553],"inv_S":[0.779931142462463,-0.910538739077054,1.25805219530334,-0.100093867296841,1.64487783731261,-1.610588810211,-0.292213405785787,-1.18066624742796,0.0582731554137735,-0.910538739077053,4.64703990661833,-1.77460126078709,-0.419775897401146,-6.19351561788909,5.99419970747011,-8.45429713123551,4.72555305507996,-4.68974587459899,1.25805219530334,-1.7746012607871,2.6807890180724,-0.0300309489387793,3.32853298894147,-3.78887063437248,1.69568949072485,-3.35243901750551,0.864267716155803,-0.100093867296841,-0.419775897401146,-0.0300309489387797,0.160735417854929,0.459509269605841,-0.506011035067922,1.17776840326662,-0.478746318863613,0.625381181977887,1.64487783731261,-6.19351561788909,3.32853298894147,0.45950926960584,8.96411643903632,-8.88114432533093,11.1532884798974,-6.67657613972547,6.11181982576238,-1.61058881021099,5.99419970747011,-3.78887063437248,-0.506011035067922,-8.88114432533093,9.66898760058777,-11.9768815654296,8.20229211506696,-6.18453562659934,-0.292213405785789,-8.4542971312355,1.69568949072484,1.17776840326662,11.1532884798974,-11.9768815654295,33.950584063338,-11.7154902329393,14.1699809268269,-1.18066624742796,4.72555305507996,-3.35243901750551,-0.478746318863613,-6.67657613972547,8.20229211506696,-11.7154902329393,10.183266762631,-5.00556026947471,0.058273155413772,-4.68974587459898,0.864267716155798,0.625381181977886,6.11181982576237,-6.18453562659933,14.1699809268269,-5.00556026947472,6.87228698603348],"diff":[-13.7652766592513,3.88845230361263,10.5773886507614,5.52285209663751,15.8330701011835,-1.70766733091193,-2.59896024183368,-0.202468899809977,-7.71402940876004]}}
