{"description":{"TestName":"HadGEM2-ES","variable":"hfls","neof1":3,"neof2":3,"TestPeriod":"1980-2005","nref":12,"ntest":1,"CommonSpace":"CCM"},"hotelling_res":{"T2":{"statistic":547.288857993959,"mu":9,"nu":1584.00000000002,"p_value":0,"conf_int":[467.085035707983,651.161830005678],"threshold_95":17.0584339832777,"threshold_99":21.8775081701156},"Ts2":{"statistic":11.6493085289857,"conf_int":[9.68930852898574,13.6093085289857],"threshold_95":0.36309703292869,"threshold_99":0.465673362058278},"explvar.model.neof1":84.9902363647003,"explvar.model.neof2":84.8367086886704,"explvar.refmean.neof1":87.3707751654488,"explvar.refmean.neof2":87.1697676284589,"S":[85.6310292712295,5.05857124335901,-7.86185411866944,42.7568649435036,-34.0263839724758,-2.52593808167518,2.78854705935434,2.64516246590643,24.7451239163177,5.05857124335901,13.5102201414117,-6.61338264514623,5.15408306881118,8.07657984356214,2.24152040217119,-0.878100854175696,-0.425925651940923,3.98267125112042,-7.86185411866944,-6.61338264514623,8.32540348262573,-3.36212127403409,-2.55822324017742,1.62535262719139,-0.227913590765314,0.28883239997231,0.22711329199417,42.7568649435036,5.15408306881118,-3.36212127403409,32.7496409100462,-14.8626621930955,0.0960211057012648,2.57464456672946,1.24044444333624,11.3421155033232,-34.0263839724758,8.07657984356214,-2.55822324017742,-14.8626621930955,23.4318992119763,3.70216253584099,-1.32141447582956,-1.83355911164078,-9.7778516683822,-2.52593808167518,2.24152040217119,1.62535262719139,0.0960211057012648,3.70216253584099,3.23614046637979,-0.379243551227801,-0.345880701348905,1.56197886893382,2.78854705935434,-0.878100854175696,-0.227913590765314,2.57464456672946,-1.32141447582956,-0.379243551227801,0.890145787973699,0.0633798069987543,-1.08387151730853,2.64516246590643,-0.425925651940923,0.28883239997231,1.24044444333624,-1.83355911164078,-0.345880701348905,0.0633798069987543,0.310559791892555,0.937289795056191,24.7451239163177,3.98267125112042,0.22711329199417,11.3421155033232,-9.7778516683822,1.56197886893382,-1.08387151730853,0.937289795056191,13.4400509089132],"inv_S":[0.592521774082708,-0.0276761133766046,0.828124413423211,-0.0148253785508889,0.653298692710581,-0.589708002709553,-1.69340082275199,-0.261785711887503,-0.658689280188762,-0.0276761133766036,3.17335161516394,-0.0472084129086015,-0.107506125378744,-4.59679190918363,4.9347908402551,-7.97056619122943,1.54052893958292,-5.46584827095402,0.828124413423211,-0.0472084129086023,1.78684234322072,-0.0549096803743558,1.54329388298963,-2.20154837890988,-0.62203497957206,-1.61203106590829,-0.0536786927676749,-0.0148253785508889,-0.107506125378744,-0.0549096803743558,0.160492058415303,0.0221016405515873,0.0529974526753547,-0.636704454456819,0.0769847619495476,-0.122154935697634,0.653298692710581,-4.59679190918363,1.54329388298963,0.0221016405515874,8.16038361276458,-9.38801457130281,12.3107603512934,-3.46294908382319,8.37677944599712,-0.589708002709551,4.9347908402551,-2.20154837890988,0.0529974526753543,-9.38801457130281,12.0216854589101,-15.7654990600676,5.86680851700476,-10.2917215872192,-1.69340082275199,-7.97056619122942,-0.622034979572062,-0.636704454456818,12.3107603512934,-15.7654990600675,37.0206246645421,-7.06678390685312,20.2944019963152,-0.261785711887502,1.54052893958293,-1.61203106590829,0.0769847619495475,-3.46294908382319,5.86680851700477,-7.06678390685313,9.75708878152007,-4.46376997928617,-0.658689280188765,-5.46584827095402,-0.0536786927676792,-0.122154935697634,8.37677944599711,-10.2917215872192,20.2944019963152,-4.46376997928616,12.2490934850063],"diff":[-7.57594721287617,8.39073731878419,8.80439610638884,1.0680701086506,10.2944250467205,-0.988728629340159,-0.729282456420555,-1.75057721089066,-4.3207657478855]}}
