{"description":{"TestName":"NorESM1-M","variable":"tauu","neof1":2,"neof2":2,"TestPeriod":"1980-2005","nref":9,"ntest":1,"CommonSpace":"CCM"},"hotelling_res":{"T2":{"statistic":10.3231202971232,"mu":4,"nu":647.999999999996,"p_value":0,"conf_int":[3.5218336272415,30.5491759475967],"threshold_95":9.58736439446427,"threshold_99":13.4556581611028},"Ts2":{"statistic":1.4703497383121,"conf_int":[-0.489650261687896,3.4303497383121],"threshold_95":1.3655540498188,"threshold_99":1.91652551617635},"explvar.model.neof1":81.6595653874878,"explvar.model.neof2":81.4268856610853,"explvar.refmean.neof1":84.0004380077101,"explvar.refmean.neof2":83.7579600792937,"S":[7.55462695142697e-05,-1.54134942574293e-05,1.16719873154998e-05,-3.1133668899641e-05,-1.54134942574293e-05,1.02037977614031e-05,-4.54397919137533e-06,7.34932677133306e-06,1.16719873154998e-05,-4.54397919137533e-06,3.71768019916621e-06,-4.38425994255463e-06,-3.1133668899641e-05,7.34932677133306e-06,-4.38425994255463e-06,1.36159632922215e-05],"inv_S":[905693.770382656,-638333.401947334,-1249706.40332772,2013067.48697859,-638333.401947334,689093.14867836,1106666.74524864,-1475188.82045295,-1249706.40332772,1106666.74524864,2371335.35390433,-2691300.61030748,2013067.48697859,-1475188.82045295,-2691300.61030748,4606097.89392092],"diff":[-0.0127490018492097,-0.00238451618684167,-0.00116724269068359,0.00508455098951449]}}
