{"description":{"TestName":"HadCM3","variable":"tauu","neof1":2,"neof2":2,"TestPeriod":"1980-2005","nref":9,"ntest":1,"CommonSpace":"CCM"},"hotelling_res":{"T2":{"statistic":245.427425910766,"mu":4,"nu":648.000000000018,"p_value":0,"conf_int":[190.665297307665,313.860921155638],"threshold_95":9.5873643944643,"threshold_99":13.4556581611028},"Ts2":{"statistic":7.80133950465185,"conf_int":[5.84133950465185,9.76133950465185],"threshold_95":0.304751126808546,"threshold_99":0.427711602253731},"explvar.model.neof1":82.2107406880906,"explvar.model.neof2":82.0908053308079,"explvar.refmean.neof1":83.3148375342286,"explvar.refmean.neof2":83.1474131474999,"S":[7.21296205523909e-05,-1.98078254054891e-05,1.29522935355134e-05,-2.87856044767726e-05,-1.98078254054891e-05,1.423233153035e-05,-6.64375644427218e-06,9.28426240361986e-06,1.29522935355134e-05,-6.64375644427218e-06,4.30457950218769e-06,-5.21490602835459e-06,-2.87856044767726e-05,9.28426240361986e-06,-5.21490602835459e-06,1.21146955160191e-05],"inv_S":[833900.227316763,-667511.398103901,-1085102.49828156,2025883.81209507,-667511.398103901,803506.089203033,1214550.29266964,-1679028.15178017,-1085102.49828156,1214550.29266964,2342100.86630797,-2500904.70578009,2025883.81209507,-1679028.15178017,-2500904.70578009,5106430.03505484],"diff":[-0.00217908448663263,-0.014132974525062,0.00409178177277953,0.00478748249450088]}}
