{"description":{"TestName":"ACCESS1-3","variable":"hfss","neof1":2,"neof2":2,"TestPeriod":"1980-2005","nref":12,"ntest":1,"CommonSpace":"CCM"},"hotelling_res":{"T2":{"statistic":20.2588360116132,"mu":4,"nu":1584,"p_value":0,"conf_int":[8.7333107120754,45.3312547250704],"threshold_95":9.52827194591269,"threshold_99":13.349435656066},"Ts2":{"statistic":2.14700605074561,"conf_int":[0.187006050745607,4.10700605074561],"threshold_95":1.00979431934279,"threshold_99":1.41475646039995},"explvar.model.neof1":88.4904182063883,"explvar.model.neof2":88.3517785458979,"explvar.refmean.neof1":89.3704551920849,"explvar.refmean.neof2":89.1938447900485,"S":[6.53459400190167,-1.68054541547395,0.617680280419774,1.47342411558757,-1.68054541547395,1.65186156535145,-0.296225427643526,-0.275541931072021,0.617680280419774,-0.296225427643526,0.401944628124735,0.165380645898838,1.47342411558757,-0.275541931072021,0.165380645898838,0.430617453773687],"inv_S":[0.894295972740377,0.463078690205998,0.123636859468271,-2.81114197587267,0.463078690205998,0.970554305759733,0.475153749048575,-1.14594550578336,0.123636859468271,0.475153749048575,3.20322436509231,-1.34921624312589,-2.81114197587267,-1.14594550578336,-1.34921624312589,11.7259125275111],"diff":[-2.70232143621107,2.36342304855991,-0.585778192009114,-1.68113972299618]}}
