{"description":{"TestName":"MIROC-ESM-CHEM","variable":"hfss","neof1":2,"neof2":2,"TestPeriod":"1980-2005","nref":12,"ntest":1,"CommonSpace":"CCM"},"hotelling_res":{"T2":{"statistic":493.154096747667,"mu":4,"nu":1584,"p_value":0,"conf_int":[412.810136925899,587.175218960836],"threshold_95":9.5282719459127,"threshold_99":13.349435656066},"Ts2":{"statistic":11.0810894663039,"conf_int":[9.12108946630386,13.0410894663039],"threshold_95":0.21409866528181,"threshold_99":0.299959570051436},"explvar.model.neof1":84.7431310442374,"explvar.model.neof2":84.6871535042816,"explvar.refmean.neof1":84.4915608403582,"explvar.refmean.neof2":84.3962311967167,"S":[5.85961075440187,0.57420133436772,-1.17714683659236,0.846371173698374,0.57420133436772,0.173760994325464,-0.251305568002809,0.0521691047333432,-1.17714683659236,-0.251305568002809,0.678425847807873,-0.124016889521918,0.846371173698374,0.0521691047333432,-0.124016889521918,0.187808268468445],"inv_S":[0.805112202915595,-1.14450913903528,0.41836992447873,-3.03410925909434,-1.14450913903528,14.0591928076875,3.92472196199416,3.84411110924792,0.41836992447873,3.92472196199416,3.53670494190757,-0.640197207684262,-3.03410925909433,3.84411110924792,-0.640197207684263,17.5074481018318],"diff":[-0.210723868983592,0.800984809953925,1.17728704567803,5.02360365591472]}}
