{"description":{"TestName":"CSIRO-Mk3-6-0","variable":"tauu","neof1":2,"neof2":2,"TestPeriod":"1980-2005","nref":9,"ntest":1,"CommonSpace":"CCM"},"hotelling_res":{"T2":{"statistic":422.577409950349,"mu":4,"nu":647.999999999999,"p_value":0,"conf_int":[348.691726624308,510.139295740466],"threshold_95":9.58736439446431,"threshold_99":13.4556581611029},"Ts2":{"statistic":10.2541068733796,"conf_int":[8.29410687337963,12.2141068733796],"threshold_95":0.232643432469385,"threshold_99":0.326510015885192},"explvar.model.neof1":83.7147155615598,"explvar.model.neof2":83.6198944694805,"explvar.refmean.neof1":82.2122902127486,"explvar.refmean.neof2":82.1256275275468,"S":[7.84285223493308e-05,-4.24422114610103e-06,1.74544009551217e-05,-3.08786552293081e-05,-4.24422114610103e-06,6.09804320392058e-06,-2.10302507364921e-06,3.46446927703975e-06,1.74544009551217e-05,-2.10302507364921e-06,5.9255954773438e-06,-5.91641686140219e-06,-3.08786552293081e-05,3.46446927703975e-06,-5.91641686140219e-06,1.56021192234518e-05],"inv_S":[182215.945419141,-135752.205136506,-313407.149106024,271927.50533747,-135752.205136506,294951.141426221,275036.335426785,-229870.381256878,-313407.149106024,275036.335426785,819546.07731261,-370569.531259709,271927.50533747,-229870.381256878,-370569.531259709,512795.128699865],"diff":[-0.0371948642874093,0.0241825312555072,0.00104636102618565,0.0107200318456166]}}
