{"description":{"TestName":"MIROC-ESM","variable":"tauv","neof1":2,"neof2":2,"TestPeriod":"1980-2005","nref":8,"ntest":1,"CommonSpace":"CCM"},"hotelling_res":{"T2":{"statistic":38.4655955382727,"mu":4,"nu":447.999999999999,"p_value":0,"conf_int":[20.4839845204949,70.0573848334748],"threshold_95":9.63242917312142,"threshold_99":13.5368355379219},"Ts2":{"statistic":3.02342706800729,"conf_int":[1.06342706800729,4.98342706800729],"threshold_95":0.757116760708968,"threshold_99":1.06400627386085},"explvar.model.neof1":86.0144075862633,"explvar.model.neof2":85.6967680276037,"explvar.refmean.neof1":86.4920751349266,"explvar.refmean.neof2":86.0904752921372,"S":[2.93061285676112e-05,-5.51377763808389e-07,-2.87197947128904e-07,-1.07216859382174e-05,-5.51377763808389e-07,6.37059581532895e-06,-1.86628861121123e-06,3.85943812538617e-06,-2.87197947128904e-07,-1.86628861121123e-06,1.56671272891541e-06,-1.11881815794417e-06,-1.07216859382174e-05,3.85943812538617e-06,-1.11881815794417e-06,7.15812469470163e-06],"inv_S":[149338.835316137,-163806.292233333,61972.4947310313,321690.441375642,-163806.292233334,497790.205463552,220704.171845432,-479251.539859884,61972.4947310312,220704.171845432,1006159.53244412,131090.910646413,321690.441375642,-479251.539859883,131090.910646413,900427.515922555],"diff":[-0.000668448946581052,0.00375528129397604,-0.00112463383276505,-0.0039434238413933]}}
