{"description":{"TestName":"CESM1-BGC","variable":"hfls","neof1":3,"neof2":3,"TestPeriod":"1980-2005","nref":12,"ntest":1,"CommonSpace":"CCM"},"hotelling_res":{"T2":{"statistic":511.082982702506,"mu":9,"nu":1584.00000000001,"p_value":0,"conf_int":[433.952266621287,611.881878996284],"threshold_95":17.0584339832776,"threshold_99":21.8775081701154},"Ts2":{"statistic":11.2541354469179,"conf_int":[9.29413544691793,13.2141354469179],"threshold_95":0.375629659091706,"threshold_99":0.481746504032691},"explvar.model.neof1":84.3059248979237,"explvar.model.neof2":84.1053602105411,"explvar.refmean.neof1":87.8782561347921,"explvar.refmean.neof2":87.6186654763799,"S":[88.4250033926893,3.05632559575266,-5.71328107582853,44.7035943178441,-34.51163761545,-0.918373043761005,4.05898146092349,1.55405989175193,26.5263738868441,3.05632559575266,13.2284473914014,-7.42394622924599,3.08522299530167,10.5920621967415,2.53120858600602,-1.00671239946172,-0.49172856614034,2.00854739474841,-5.71328107582853,-7.42394622924599,9.07237037683078,-2.14969411228996,-5.45704679774641,0.986585865847844,-0.234602584174706,0.434981045040265,1.52469758936151,44.7035943178441,3.08522299530167,-2.14969411228996,33.8284042689423,-15.983618878993,0.723527107122636,3.24237999905552,0.774937801506715,11.9564515987146,-34.51163761545,10.5920621967415,-5.45704679774641,-15.983618878993,26.1373145096023,3.7213719480769,-2.24316646122308,-1.39421754288598,-10.8984230065029,-0.918373043761005,2.53120858600602,0.986585865847844,0.723527107122636,3.7213719480769,3.77407486750299,-0.519318804190203,-0.390071099719545,2.0562364949443,4.05898146092349,-1.00671239946172,-0.234602584174706,3.24237999905552,-2.24316646122308,-0.519318804190203,0.978813674444756,0.190669580870583,-0.68609253584501,1.55405989175193,-0.49172856614034,0.434981045040265,0.774937801506715,-1.39421754288598,-0.390071099719545,0.190669580870583,0.27733896196374,0.374495500936538,26.5263738868441,2.00854739474841,1.52469758936151,11.9564515987146,-10.8984230065029,2.0562364949443,-0.68609253584501,0.374495500936538,14.6287816595508],"inv_S":[0.541303153044623,-0.355093273948878,0.779246633707825,-0.0709142018602717,1.0321155448304,-0.890102669839514,-0.239230665049074,-0.504205336077368,-0.0603221625954739,-0.35509327394888,1.39514378774675,-0.346052791657486,-0.0358505249314017,-2.08815425584167,1.61001226837684,-1.94767730342189,0.0444081728636422,-1.35675525801404,0.779246633707826,-0.346052791657484,1.88010306701838,-0.23511322094428,2.14421054002554,-2.50531207077375,2.25759471189338,-2.58429637174758,0.752336127663676,-0.0709142018602722,-0.0358505249314018,-0.23511322094428,0.190642634254519,-0.267850875000881,0.367392386719458,-1.18848849636024,0.588998457627823,-0.319809058375395,1.0321155448304,-2.08815425584167,2.14421054002555,-0.267850875000881,4.93591104169329,-4.83280849641773,6.46213914250131,-2.76833074159732,3.14110531565128,-0.89010266983952,1.61001226837684,-2.50531207077376,0.367392386719458,-4.83280849641774,5.62007477983708,-7.92354399151528,4.5616807131422,-3.52498686547091,-0.239230665049058,-1.9476773034219,2.2575947118934,-1.18848849636025,6.46213914250134,-7.92354399151531,22.7767050276339,-8.32571635315124,8.64669116023951,-0.504205336077371,0.0444081728636416,-2.58429637174758,0.588998457627823,-2.76833074159732,4.5616807131422,-8.32571635315123,10.7498432977462,-2.67314341496881,-0.0603221625954684,-1.35675525801404,0.752336127663685,-0.319809058375396,3.14110531565129,-3.52498686547092,8.64669116023951,-2.67314341496881,3.85655789794871],"diff":[-15.2880613304886,1.7941908200186,13.9893450435541,-2.32776785574534,6.91082277083578,-0.980421682627973,-1.19655157525695,-1.89387498246745,-10.6569414443563]}}
