{"description":{"TestName":"CESM1-WACCM","variable":"tauu","neof1":2,"neof2":2,"TestPeriod":"1980-2005","nref":9,"ntest":1,"CommonSpace":"CCM"},"hotelling_res":{"T2":{"statistic":622.844490080685,"mu":4,"nu":647.999999999967,"p_value":0,"conf_int":[531.736785901241,727.630553940611],"threshold_95":9.58736439446426,"threshold_99":13.4556581611028},"Ts2":{"statistic":12.4584398268152,"conf_int":[10.4984398268152,14.4184398268152],"threshold_95":0.191771147226029,"threshold_99":0.269146649284122},"explvar.model.neof1":84.988713131111,"explvar.model.neof2":84.7221381978152,"explvar.refmean.neof1":84.622579885282,"explvar.refmean.neof2":84.2652044742141,"S":[7.50968185347646e-05,-1.34193619973752e-05,-7.08693007005925e-06,2.72748276874821e-05,-1.34193619973752e-05,8.59158909751052e-06,3.09991874704171e-06,-5.22814861800868e-06,-7.08693007005925e-06,3.09991874704171e-06,2.38027101839988e-06,-2.13254114669498e-06,2.72748276874821e-05,-5.22814861800868e-06,-2.13254114669498e-06,1.0272424779259e-05],"inv_S":[1548433.02864531,-784486.679821542,1954248.6682375,-4104886.84055503,-784486.679821542,658128.147693289,-1261127.93183713,2156075.5178196,1954248.6682375,-1261127.93183713,3264348.30347157,-5152999.80304717,-4104886.84055503,2156075.5178196,-5152999.80304717,11024016.5117881],"diff":[0.000287319328964322,0.00122611091275832,-0.00562144455991239,0.00456797922123041]}}
