{"description":{"TestName":"CCSM4","variable":"tauv","neof1":2,"neof2":2,"TestPeriod":"1980-2005","nref":8,"ntest":1,"CommonSpace":"CCM"},"hotelling_res":{"T2":{"statistic":29.5834437077442,"mu":4,"nu":448,"p_value":0,"conf_int":[14.5151290060937,58.2405650265904],"threshold_95":9.63242917312144,"threshold_99":13.5368355379219},"Ts2":{"statistic":2.63201882314991,"conf_int":[0.672018823149915,4.59201882314991],"threshold_95":0.85699065824704,"threshold_99":1.20436303135217},"explvar.model.neof1":88.6587944399282,"explvar.model.neof2":88.5229872781087,"explvar.refmean.neof1":90.0173021031231,"explvar.refmean.neof2":89.8833133913872,"S":[3.13673503124508e-05,1.13723620865193e-06,-7.98291845634473e-08,1.16959205637008e-05,1.13723620865193e-06,8.11716451128758e-06,2.37630676555039e-06,4.68790094317239e-06,-7.98291845634473e-08,2.37630676555039e-06,1.69641503409463e-06,1.30909476190949e-06,1.16959205637008e-05,4.68790094317239e-06,1.30909476190949e-06,7.78294287249937e-06],"inv_S":[140398.232858459,145099.42079543,38624.7704798177,-304879.762576266,145099.42079543,428844.133506132,-260046.557664909,-432615.860872519,38624.7704798177,-260046.557664909,1010666.04496763,-71404.5289793455,-304879.762576266,-432615.860872519,-71404.5289793453,859236.048780544],"diff":[0.00857270036895379,-0.0021796798096449,0.00422418367281424,0.00364183580857411]}}
