{"description":{"TestName":"bcc-csm1-1-m","variable":"tauv","neof1":2,"neof2":2,"TestPeriod":"1980-2005","nref":8,"ntest":1,"CommonSpace":"CCM"},"hotelling_res":{"T2":{"statistic":33.5264963054353,"mu":4,"nu":448,"p_value":0,"conf_int":[17.1201572149187,63.532499055152],"threshold_95":9.63242917312145,"threshold_99":13.5368355379219},"Ts2":{"statistic":2.81243170254525,"conf_int":[0.852431702545255,4.77243170254525],"threshold_95":0.808034007854756,"threshold_99":1.13556230487529},"explvar.model.neof1":88.9022307800764,"explvar.model.neof2":88.8257566588943,"explvar.refmean.neof1":90.0763794986761,"explvar.refmean.neof2":90.0025471407695,"S":[3.16280733459933e-05,-9.93331244046542e-07,-9.37561187833255e-07,-1.21828113711759e-05,-9.93331244046542e-07,7.35973833735654e-06,-2.58177215726788e-06,-3.38593792961767e-06,-9.37561187833255e-07,-2.58177215726788e-06,1.80855696261831e-06,1.70370781348285e-06,-1.21828113711759e-05,-3.38593792961767e-06,1.70370781348285e-06,7.9013716796323e-06],"inv_S":[160471.931891457,183831.84419864,48092.8647250034,315832.035540558,183831.84419864,493904.020592603,419099.744488219,404726.376526837,48092.8647250034,419099.744488219,1175963.22556317,184.054705742449,315832.035540558,404726.376526837,184.054705742449,786925.00239568],"diff":[-0.0168598075735737,-0.00853260861085231,0.00200907225853408,0.00761562963915529]}}
