{"description":{"TestName":"GFDL-ESM2M","variable":"tauv","neof1":2,"neof2":2,"TestPeriod":"1980-2005","nref":8,"ntest":1,"CommonSpace":"CCM"},"hotelling_res":{"T2":{"statistic":40.9158090996342,"mu":4,"nu":447.999999999999,"p_value":0,"conf_int":[22.1884776349504,73.2576082959969],"threshold_95":9.63242917312143,"threshold_99":13.5368355379219},"Ts2":{"statistic":3.122859860992,"conf_int":[1.162859860992,5.082859860992],"threshold_95":0.735185912011166,"threshold_99":1.0331859805897},"explvar.model.neof1":89.7913566303351,"explvar.model.neof2":89.6403928028033,"explvar.refmean.neof1":89.1949667626254,"explvar.refmean.neof2":89.0468358531117,"S":[3.12400905309538e-05,-4.81033711158493e-07,-2.10086372446111e-07,1.11600425831273e-05,-4.81033711158493e-07,7.59798210713143e-06,2.23135199180598e-06,2.90621568516686e-06,-2.10086372446111e-07,2.23135199180598e-06,1.91568940108992e-06,1.19449744030803e-06,1.11600425831273e-05,2.90621568516686e-06,1.19449744030803e-06,6.31955566615624e-06],"inv_S":[167567.424017091,120711.601086498,109848.617455072,-372191.899661981,120711.601086498,304951.223479839,-137844.657238603,-327356.171279263,109848.617455073,-137844.657238603,879723.828029311,-296877.961581928,-372191.899661981,-327356.171279263,-296877.961581928,1022170.76569454],"diff":[0.0110841317911316,0.00239413176426034,0.00317666551762619,0.0112468774819433]}}
