{"description":{"TestName":"CESM1-CAM5","variable":"tauu","neof1":2,"neof2":2,"TestPeriod":"1980-2005","nref":9,"ntest":1,"CommonSpace":"CCM"},"hotelling_res":{"T2":{"statistic":232.005568290574,"mu":4,"nu":648.000000000004,"p_value":0,"conf_int":[178.940543269558,298.741293353963],"threshold_95":9.58736439446424,"threshold_99":13.4556581611028},"Ts2":{"statistic":7.58324900522372,"conf_int":[5.62324900522372,9.54324900522372],"threshold_95":0.313369080073033,"threshold_99":0.439806712901896},"explvar.model.neof1":84.3288733349086,"explvar.model.neof2":84.1378353140974,"explvar.refmean.neof1":85.584146515729,"explvar.refmean.neof2":85.347777015383,"S":[7.84195417245919e-05,-1.12697906597748e-05,9.56537701063848e-06,-2.81426778346436e-05,-1.12697906597748e-05,9.00593266717003e-06,-3.53329793966411e-06,3.76336936185652e-06,9.56537701063848e-06,-3.53329793966411e-06,2.62278871462087e-06,-2.76127363117752e-06,-2.81426778346436e-05,3.76336936185652e-06,-2.76127363117752e-06,1.07258159071083e-05],"inv_S":[936330.344539371,-378609.5554825,-1644141.10775104,2166340.30910547,-378609.5554825,388619.570283764,980727.205267805,-877280.53879472,-1644141.10775104,980727.205267805,3833779.00353798,-3671073.57589914,2166340.30910547,-877280.538794721,-3671073.57589915,5140057.40123046],"diff":[-0.0113796434288562,0.00578440084024047,-0.00948560189743845,0.0047693620963763]}}
