{"description":{"TestName":"CCSM4","variable":"hfss","neof1":2,"neof2":2,"TestPeriod":"1980-2005","nref":12,"ntest":1,"CommonSpace":"CCM"},"hotelling_res":{"T2":{"statistic":24.1612876628342,"mu":4,"nu":1584,"p_value":0,"conf_int":[11.0773894003508,50.8134410162454],"threshold_95":9.52827194591272,"threshold_99":13.3494356560661},"Ts2":{"statistic":2.36189464919544,"conf_int":[0.401894649195442,4.32189464919544],"threshold_95":0.931439368595738,"threshold_99":1.30497848814332},"explvar.model.neof1":84.2677917729884,"explvar.model.neof2":84.2243036996361,"explvar.refmean.neof1":89.2610427388228,"explvar.refmean.neof2":89.206840629971,"S":[6.63925967867216,-1.13494106632782,0.786697614578435,1.43469308993344,-1.13494106632782,0.971995680408551,-0.310590886451003,-0.179096448194397,0.786697614578435,-0.310590886451003,0.436622168374056,0.165750063161262,1.43469308993344,-0.179096448194397,0.165750063161262,0.401953148258562],"inv_S":[0.813153411417297,0.406881604784178,-0.169194252842311,-2.65133032714313,0.406881604784178,1.55492078719698,0.78401807933296,-1.08276420933348,-0.169194252842311,0.78401807933296,3.30899579125575,-0.411265798959761,-2.65133032714313,-1.08276420933348,-0.411265798959761,11.6384046941311],"diff":[-0.469824179375214,1.76216405627545,-0.155900153042925,-1.26710922647449]}}
