{"description":{"TestName":"IPSL-CM5B-LR","variable":"tauv","neof1":2,"neof2":2,"TestPeriod":"1980-2005","nref":8,"ntest":1,"CommonSpace":"CCM"},"hotelling_res":{"T2":{"statistic":9.70795159482647,"mu":4,"nu":448,"p_value":0,"conf_int":[3.25145323780207,29.5740715239038],"threshold_95":9.63242917312144,"threshold_99":13.5368355379219},"Ts2":{"statistic":1.41859082759962,"conf_int":[-0.54140917240038,3.37859082759962],"threshold_95":1.4075549861389,"threshold_99":1.97809296237677},"explvar.model.neof1":87.8882516292093,"explvar.model.neof2":87.5497238510719,"explvar.refmean.neof1":88.4613848207983,"explvar.refmean.neof2":88.1326566972835,"S":[3.29347048961236e-05,5.16575535322944e-07,1.66335679030216e-07,-1.22062821320626e-05,5.16575535322944e-07,6.39088293213326e-06,-2.22049998352864e-06,2.85915150652799e-06,1.66335679030216e-07,-2.22049998352864e-06,1.56456758440463e-06,-1.24708054823249e-06,-1.22062821320626e-05,2.85915150652799e-06,-1.24708054823249e-06,7.12607436661708e-06],"inv_S":[156528.043902722,-148888.374781241,38786.2368065499,334642.795639171,-148888.374781241,469923.888802079,382564.391816097,-376626.506240055,38786.2368065499,382564.391816097,1288296.07027665,138398.101249586,334642.795639171,-376626.506240055,138398.101249586,888872.312279302],"diff":[0.0128497195887028,-0.0041163996227247,0.00125109654054586,-0.00813725698522771]}}
