{"description":{"TestName":"CNRM-CM5","variable":"tauv","neof1":2,"neof2":2,"TestPeriod":"1980-2005","nref":8,"ntest":1,"CommonSpace":"CCM"},"hotelling_res":{"T2":{"statistic":19.5736281772736,"mu":4,"nu":448.000000000001,"p_value":0,"conf_int":[8.33532399768153,44.3542284674683],"threshold_95":9.63242917312146,"threshold_99":13.5368355379219},"Ts2":{"statistic":2.10707378458341,"conf_int":[0.147073784583407,4.06707378458341],"threshold_95":1.0369175713732,"threshold_99":1.45722147319063},"explvar.model.neof1":90.2535468597954,"explvar.model.neof2":90.1873020303882,"explvar.refmean.neof1":90.5371092770318,"explvar.refmean.neof2":90.4719464916,"S":[3.17475126952213e-05,9.04046834426724e-07,7.8476563631268e-07,-1.17641666959001e-05,9.04046834426724e-07,7.47731436059777e-06,-2.2835469292551e-06,2.85634918910923e-06,7.8476563631268e-07,-2.2835469292551e-06,1.94365262195512e-06,-1.58020785908883e-06,-1.17641666959001e-05,2.85634918910923e-06,-1.58020785908883e-06,6.62629814819002e-06],"inv_S":[202436.490314144,-171735.793729767,85445.4506428142,453806.260740039,-171735.793729767,362738.038275207,149486.768486039,-425609.409222713,85445.4506428142,149486.768486039,901316.498231775,302201.241789877,453806.260740039,-425609.409222713,302201.241789877,1212122.09103452],"diff":[0.00881354541240963,-0.008202836643137,0.00181412136830872,-0.00897926412795352]}}
