{"description":{"TestName":"MRI-CGCM3","variable":"tauv","neof1":2,"neof2":2,"TestPeriod":"1980-2005","nref":8,"ntest":1,"CommonSpace":"CCM"},"hotelling_res":{"T2":{"statistic":36.6569889533015,"mu":4,"nu":447.999999999999,"p_value":0,"conf_int":[19.2404271223617,67.6802016175124],"threshold_95":9.63242917312142,"threshold_99":13.536835537922},"Ts2":{"statistic":2.94790023267701,"conf_int":[0.98790023267701,4.90790023267701],"threshold_95":0.774625549219639,"threshold_99":1.08861207020541},"explvar.model.neof1":88.2428039538846,"explvar.model.neof2":87.94826789578,"explvar.refmean.neof1":90.3235032258933,"explvar.refmean.neof2":90.0606157303743,"S":[3.275708770391e-05,-4.6244001025755e-07,8.84049924768097e-07,1.21780304957066e-05,-4.6244001025755e-07,7.26874658898532e-06,2.54755651287941e-06,3.13813596967035e-06,8.84049924768097e-07,2.54755651287941e-06,1.79894348690716e-06,1.64968595190958e-06,1.21780304957066e-05,3.13813596967035e-06,1.64968595190958e-06,7.08726640668318e-06],"inv_S":[167279.22138771,158033.213583439,27656.686097066,-363847.761586246,158033.213583439,431331.656326785,-336063.511043013,-384310.574842328,27656.6860970659,-336063.511043013,1176443.08884902,-172556.320211778,-363847.761586246,-384310.574842328,-172556.320211778,976629.25520464],"diff":[0.00829168602447128,0.00754130129996057,0.000425265979898318,0.00168289616530956]}}
