{"description":{"TestName":"CSIRO-Mk3-6-0","variable":"hfss","neof1":2,"neof2":2,"TestPeriod":"1980-2005","nref":12,"ntest":1,"CommonSpace":"CCM"},"hotelling_res":{"T2":{"statistic":141.15535527713,"mu":4,"nu":1584,"p_value":0,"conf_int":[101.166970763991,194.806608333671],"threshold_95":9.52827194591272,"threshold_99":13.349435656066},"Ts2":{"statistic":5.89879854184846,"conf_int":[3.93879854184846,7.85879854184846],"threshold_95":0.398180830975473,"threshold_99":0.557864995117623},"explvar.model.neof1":78.4162978499474,"explvar.model.neof2":77.9555149476053,"explvar.refmean.neof1":89.0984331302176,"explvar.refmean.neof2":88.8674588660635,"S":[6.77414465710972,1.00827470580775,0.472254206908049,-0.446265866777801,1.00827470580775,1.62893444546108,-0.0412704280307325,0.492574804769075,0.472254206908049,-0.0412704280307325,0.256597430614566,-0.149411099443982,-0.446265866777801,0.492574804769075,-0.149411099443982,0.351788348806912],"inv_S":[0.296930313464147,-0.519327370441966,0.0169112620959426,1.11102079817497,-0.519327370441966,2.16899703025812,-1.12575828824534,-4.17396470454646,0.0169112620959426,-1.12575828824534,6.13169244347656,4.20198679840506,1.11102079817497,-4.17396470454646,4.20198679840506,11.8810756255421],"diff":[-4.87069496857302,-8.97417918602967,0.132608251423095,0.0314675015868633]}}
