{"description":{"TestName":"GISS-E2-R-CC","variable":"tauv","neof1":2,"neof2":2,"TestPeriod":"1980-2005","nref":8,"ntest":1,"CommonSpace":"CCM"},"hotelling_res":{"T2":{"statistic":58.7558288088987,"mu":4,"nu":448.000000000001,"p_value":0,"conf_int":[35.1420543159874,96.0046370078963],"threshold_95":9.63242917312146,"threshold_99":13.5368355379219},"Ts2":{"statistic":3.76900736644859,"conf_int":[1.80900736644859,5.72900736644859],"threshold_95":0.617890977733781,"threshold_99":0.868346747805618},"explvar.model.neof1":89.2479688128428,"explvar.model.neof2":89.1063580655346,"explvar.refmean.neof1":88.7120813997512,"explvar.refmean.neof2":88.546058638459,"S":[3.0807410941019e-05,-4.48888253590541e-07,7.06251488367468e-07,-1.11536916391183e-05,-4.48888253590541e-07,6.76251300377284e-06,-1.9213853682855e-06,3.77651761339028e-06,7.06251488367468e-07,-1.9213853682855e-06,1.5372901263545e-06,-1.61572055727203e-06,-1.11536916391183e-05,3.77651761339028e-06,-1.61572055727203e-06,7.24983035897209e-06],"inv_S":[136927.227322961,-134195.492258758,83898.2194444796,299261.042143214,-134195.492258758,394334.388055751,158831.791788172,-376471.996693502,83898.2194444797,158831.791788172,1121973.54676258,296384.801757596,299261.042143214,-376471.996693502,296384.801757596,860502.0005013],"diff":[-0.00463050398056131,0.00344638422834804,-0.00101683371634786,-0.00462515686523974]}}
