{"description":{"TestName":"CNRM-CM5-2","variable":"tauu","neof1":2,"neof2":2,"TestPeriod":"1980-2005","nref":9,"ntest":1,"CommonSpace":"CCM"},"hotelling_res":{"T2":{"statistic":86.4020124807004,"mu":4,"nu":647.999999999999,"p_value":0,"conf_int":[56.4737344837925,129.980539608842],"threshold_95":9.5873643944643,"threshold_99":13.4556581611029},"Ts2":{"statistic":4.59475952361447,"conf_int":[2.63475952361447,6.55475952361447],"threshold_95":0.509844997738531,"threshold_99":0.715556405541343},"explvar.model.neof1":86.0106471974848,"explvar.model.neof2":85.8997487471752,"explvar.refmean.neof1":85.3769311061709,"explvar.refmean.neof2":85.2442542144279,"S":[7.93307840927024e-05,1.01876738640403e-05,8.50729443925872e-06,2.55234111899758e-05,1.01876738640403e-05,8.30100366800892e-06,3.45898686729736e-06,2.15440612457334e-06,8.50729443925872e-06,3.45898686729736e-06,2.50110735583745e-06,1.95904042437254e-06,2.55234111899758e-05,2.15440612457334e-06,1.95904042437254e-06,8.72825010693035e-06],"inv_S":[1058468.20736941,37457.0559935642,-1480796.89811313,-2772087.84337498,37457.0559935638,289138.219557056,-467831.730162711,-75897.4266139251,-1480796.89811313,-467831.730162712,3156372.27323822,3737224.11558437,-2772087.84337498,-75897.4266139258,3737224.11558437,7400713.52827869],"diff":[-0.0272292159969198,-0.00838635348964654,-0.0066875951280922,-0.00993873316318159]}}
