{"description":{"TestName":"MIROC-ESM","variable":"hfls","neof1":3,"neof2":3,"TestPeriod":"1980-2005","nref":12,"ntest":1,"CommonSpace":"CCM"},"hotelling_res":{"T2":{"statistic":706.228315398734,"mu":9,"nu":1584.00000000002,"p_value":0,"conf_int":[613.597728696115,822.531136941221],"threshold_95":17.0584339832778,"threshold_99":21.8775081701156},"Ts2":{"statistic":13.2453464214664,"conf_int":[11.2853464214664,15.2053464214664],"threshold_95":0.31993175944618,"threshold_99":0.410313730323933},"explvar.model.neof1":87.270288125677,"explvar.model.neof2":87.2037728872332,"explvar.refmean.neof1":84.8949037162421,"explvar.refmean.neof2":84.8258173661438,"S":[83.3174054693771,5.16900499628871,-11.0691896002263,44.7436966394643,-29.3859422556985,-1.97437236192261,3.8321491740274,4.42566713458147,21.9657585934034,5.16900499628871,17.6211505372859,-11.0626606686755,5.46835656414357,11.7654544561837,2.74347734990978,-0.942628056137216,-0.104176504827107,4.09383413324241,-11.0691896002263,-11.0626606686755,12.7345987489971,-6.36765247619457,-5.41065116987622,1.3427447854179,-0.23596860360878,-0.189707317147151,-0.756709967057521,44.7436966394643,5.46835656414357,-6.36765247619457,36.7615638529893,-13.2774308578324,-0.83488906132518,3.31768396780641,2.20359453036757,10.5637925765974,-29.3859422556985,11.7654544561837,-5.41065116987622,-13.2774308578324,23.1115670415992,3.46421502172238,-1.78439724504583,-2.25141200161776,-7.51037534465617,-1.97437236192261,2.74347734990978,1.3427447854179,-0.83488906132518,3.46421502172238,3.76761337943604,-0.676330906583057,-0.429751644262889,2.38718059877511,3.8321491740274,-0.942628056137216,-0.23596860360878,3.31768396780641,-1.78439724504583,-0.676330906583057,0.861777956157405,0.14896935047177,-0.62773801310916,4.42566713458147,-0.104176504827107,-0.189707317147151,2.20359453036757,-2.25141200161776,-0.429751644262889,0.14896935047177,0.499525682082972,1.47339573761962,21.9657585934034,4.09383413324241,-0.756709967057521,10.5637925765974,-7.51037534465617,2.38718059877511,-0.62773801310916,1.47339573761962,11.6134674501522],"inv_S":[0.721649638889707,0.903300483731636,0.958648125866764,0.141354983967532,-0.479955957902929,0.840255524142338,-5.09216317185162,1.61484503958359,-2.71268780419689,0.903300483731648,5.63164577682329,1.66083265426026,0.757117812511,-6.42999142155683,7.02292229517857,-18.1242842838731,7.90755450149514,-11.8588925966643,0.958648125866764,1.66083265426024,1.65518683302353,0.197148418508613,-0.866174184297336,0.965678309532681,-6.9371405278743,1.97692886582549,-3.85455874189266,0.141354983967533,0.757117812510999,0.197148418508616,0.283595606210087,-0.994944021075343,1.26899952747481,-3.69582957904876,1.58878968496364,-2.08497660594687,-0.479955957902947,-6.42999142155685,-0.866174184297366,-0.994944021075348,8.4488098839074,-9.40466041001251,20.528111439594,-9.77794453505098,13.7700707715357,0.840255524142357,7.02292229517859,0.965678309532713,1.26899952747482,-9.40466041001251,11.7485715410443,-25.4477384114084,13.4650118380543,-16.7369939029629,-5.09216317185166,-18.124284283873,-6.93714052787436,-3.69582957904876,20.5281114395939,-25.4477384114082,77.8260791657421,-32.6081023364929,45.7800233488394,1.6148450395836,7.90755450149514,1.97692886582553,1.58878968496364,-9.77794453505095,13.4650118380543,-32.608102336493,21.4961368482272,-20.7390520643019,-2.71268780419691,-11.8588925966643,-3.8545587418927,-2.08497660594687,13.7700707715356,-16.7369939029628,45.7800233488394,-20.7390520643019,28.4936761987369],"diff":[-8.19734006724531,7.32321586521041,6.95657442064459,2.15618026034956,7.94140713751773,1.2774147382567,0.334953264734946,1.20063602116696,-4.04698649568362]}}
