{"description":{"TestName":"GISS-E2-H-CC","variable":"hfls","neof1":3,"neof2":3,"TestPeriod":"1980-2005","nref":12,"ntest":1,"CommonSpace":"CCM"},"hotelling_res":{"T2":{"statistic":1376.98204668488,"mu":9,"nu":1584.00000000005,"p_value":0,"conf_int":[1243.15002283732,1534.49149760407],"threshold_95":17.0584339832778,"threshold_99":21.8775081701157},"Ts2":{"statistic":18.5236113167481,"conf_int":[16.5636113167481,20.4836113167481],"threshold_95":0.229475614107956,"threshold_99":0.294303370837589},"explvar.model.neof1":86.8758669446361,"explvar.model.neof2":86.5819451731509,"explvar.refmean.neof1":86.117719610828,"explvar.refmean.neof2":85.8700233343533,"S":[85.6749356369013,5.61509736340434,8.6716962993714,44.819397510146,-30.8516133682207,4.9663622125435,3.39258345371843,-1.08492937005493,25.3718350801816,5.61509736340434,18.2581564753771,5.61191661404877,5.80974789771295,10.614935563485,-4.6090334956372,1.45809868035288,3.21554459165819,3.19157435378923,8.6716962993714,5.61191661404877,6.01891814886382,4.54219346473842,1.26791549301145,1.8000379849633,0.0287136187797839,0.560612170248097,-0.160794627723247,44.819397510146,5.80974789771295,4.54219346473842,35.9676691411333,-13.3864953978009,1.33687431613333,1.39188851933051,0.0428679573225823,11.5094478765932,-30.8516133682207,10.614935563485,1.26791549301145,-13.3864953978009,21.6620806741831,-6.02906148793387,-0.86560037926828,2.94382301991212,-9.98592970319797,4.9663622125435,-4.6090334956372,1.8000379849633,1.33687431613333,-6.02906148793387,5.62425479799281,-0.47696700291921,-1.78068120469512,-0.779183241075198,3.39258345371843,1.45809868035288,0.0287136187797839,1.39188851933051,-0.86560037926828,-0.47696700291921,0.740659086845845,0.336990809508986,2.64070821647997,-1.08492937005493,3.21554459165819,0.560612170248097,0.0428679573225823,2.94382301991212,-1.78068120469512,0.336990809508986,1.03545353101459,0.301090663233458,25.3718350801816,3.19157435378923,-0.160794627723247,11.5094478765932,-9.98592970319797,-0.779183241075198,2.64070821647997,0.301090663233458,13.0362616231258],"inv_S":[0.692530805996632,-0.870172457675766,-1.15610457614626,-0.110850633457409,2.06867800368925,1.72999077308644,-1.73000425591216,1.43780135199085,0.954073957362989,-0.870172457675754,3.63204054862236,1.1639141564223,-0.220793712647768,-6.58535816757745,-5.07918408550974,12.8169651131532,-5.01392601314515,-6.81487152548946,-1.15610457614626,1.16391415642232,2.75038196681207,0.176950891479515,-3.46406088148409,-3.75212454678604,4.36100422766664,-3.81348556139329,-1.83027779376717,-0.110850633457411,-0.220793712647764,0.176950891479518,0.131131960119994,0.265729045924741,0.144682963380057,-0.934057878683918,0.104167116109922,0.555209516750807,2.06867800368923,-6.58535816757746,-3.46406088148405,0.26572904592475,13.1105566549968,10.689511463959,-24.6676906038929,9.90992807703822,12.7584642496629,1.72999077308642,-5.07918408550974,-3.75212454678601,0.144682963380064,10.689511463959,10.1185623300894,-22.3715551646483,10.7683505556467,10.7785835086271,-1.73000425591209,12.8169651131531,4.36100422766654,-0.934057878683935,-24.6676906038928,-22.3715551646482,73.6953996654905,-26.5396490031051,-33.4405508747522,1.43780135199083,-5.01392601314515,-3.81348556139326,0.104167116109929,9.90992807703821,10.7683505556466,-26.5396490031052,15.7298123888481,11.5376863572297,0.954073957362957,-6.81487152548944,-1.83027779376712,0.555209516750816,12.7584642496628,10.7785835086271,-33.4405508747522,11.5376863572296,16.3003459863822],"diff":[-6.89662518391969,3.81584230652448,-13.5401397035754,0.682047127507663,8.59296039763747,4.23197723747537,4.44866286614762,1.18009924453579,0.332379538782035]}}
