{"description":{"TestName":"bcc-csm1-1","variable":"tauu","neof1":2,"neof2":2,"TestPeriod":"1980-2005","nref":9,"ntest":1,"CommonSpace":"CCM"},"hotelling_res":{"T2":{"statistic":65.9920522519732,"mu":4,"nu":648.000000000016,"p_value":0,"conf_int":[40.6060460074204,105.018294909647],"threshold_95":9.58736439446428,"threshold_99":13.4556581611029},"Ts2":{"statistic":4.00158976712391,"conf_int":[2.04158976712391,5.96158976712391],"threshold_95":0.581353328853768,"threshold_99":0.815916798613835},"explvar.model.neof1":85.323663201108,"explvar.model.neof2":85.1734909039212,"explvar.refmean.neof1":85.3972102553071,"explvar.refmean.neof2":85.2451657757125,"S":[7.93715354498071e-05,-1.18509091353829e-05,1.21446662789165e-05,-3.09174949616263e-05,-1.18509091353829e-05,8.88315065233196e-06,-4.17116566235095e-06,4.94939704965744e-06,1.21446662789165e-05,-4.17116566235095e-06,3.67004487491423e-06,-4.0649650070284e-06,-3.09174949616263e-05,4.94939704965744e-06,-4.0649650070284e-06,1.28776171391363e-05],"inv_S":[932248.249210757,-595753.293453299,-1582739.23925895,1967570.57181473,-595753.293453299,622877.120257062,1276127.33061097,-1266899.96373523,-1582739.23925895,1276127.33061097,3395363.53276457,-3218635.78531748,1967570.57181473,-1266899.96373523,-3218635.78531748,4272459.86204662],"diff":[-0.0282658322552594,0.00443832180557902,-0.000796944902211717,0.0105478985325167]}}
