{"description":{"TestName":"BNU-ESM","variable":"tauu","neof1":2,"neof2":2,"TestPeriod":"1980-2005","nref":9,"ntest":1,"CommonSpace":"CCM"},"hotelling_res":{"T2":{"statistic":945.720793321192,"mu":4,"nu":648.000000000011,"p_value":0,"conf_int":[831.917266827504,1073.20423469243],"threshold_95":9.5873643944642,"threshold_99":13.4556581611028},"Ts2":{"statistic":15.3600538245602,"conf_int":[13.4000538245602,17.3200538245602],"threshold_95":0.155714492241928,"threshold_99":0.218541915393023},"explvar.model.neof1":84.3255594263406,"explvar.model.neof2":84.0631418596703,"explvar.refmean.neof1":84.8914771606267,"explvar.refmean.neof2":84.4555476924156,"S":[7.68279522966187e-05,1.579546191605e-05,6.58208971828702e-06,2.86152552646673e-05,1.579546191605e-05,1.08683884930509e-05,3.69405288959217e-06,6.14988640557131e-06,6.58208971828702e-06,3.69405288959217e-06,2.49791146842533e-06,2.1791840425896e-06,2.86152552646673e-05,6.14988640557131e-06,2.1791840425896e-06,1.09289218141599e-05],"inv_S":[892567.374602388,271374.998636193,-703633.748054837,-2349419.42866036,271374.998636193,306909.950600157,-482313.227424069,-787074.612563938,-703633.748054837,-482313.227424069,1360312.48147853,1842492.78783597,-2349419.42866036,-787074.612563937,1842492.78783597,6318512.14852269],"diff":[0.155295809743079,-0.00174740831274544,0.00180042580534487,0.0657342866493921]}}
