{"description":{"TestName":"CMCC-CMS","variable":"tauv","neof1":2,"neof2":2,"TestPeriod":"1980-2005","nref":8,"ntest":1,"CommonSpace":"CCM"},"hotelling_res":{"T2":{"statistic":24.7862958744679,"mu":4,"nu":448,"p_value":0,"conf_int":[11.4638259417591,51.6798353574958],"threshold_95":9.63242917312144,"threshold_99":13.5368355379219},"Ts2":{"statistic":2.39455768177808,"conf_int":[0.434557681778084,4.35455768177808],"threshold_95":0.930570965000087,"threshold_99":1.30776836072902},"explvar.model.neof1":90.4220307057022,"explvar.model.neof2":90.3496969324691,"explvar.refmean.neof1":90.0733798370278,"explvar.refmean.neof2":90.0082213190436,"S":[3.11718255820748e-05,-2.0220745117455e-06,-6.04910351670965e-07,-1.18747012996276e-05,-2.0220745117455e-06,7.28797693356817e-06,-2.04830617541612e-06,-1.91803895487136e-06,-6.04910351670965e-07,-2.04830617541612e-06,1.75357015674802e-06,1.32050481498964e-06,-1.18747012996276e-05,-1.91803895487136e-06,1.32050481498964e-06,6.64893688374662e-06],"inv_S":[184988.107403966,132447.727840162,-69420.3972094061,382375.172770185,132447.727840162,300149.764870469,179856.218020411,287410.631014252,-69420.3972094061,179856.218020411,953263.011775885,-261419.784232687,382375.172770185,287410.631014252,-261419.784232687,968133.995513959],"diff":[-0.0109821169054613,-0.0106481029758643,0.0020063293959141,0.00710710580310604]}}
