{"description":{"TestName":"bcc-csm1-1","variable":"tauv","neof1":2,"neof2":2,"TestPeriod":"1980-2005","nref":8,"ntest":1,"CommonSpace":"CCM"},"hotelling_res":{"T2":{"statistic":48.9659141258109,"mu":4,"nu":448,"p_value":0,"conf_int":[27.9278705007164,83.6295366988355],"threshold_95":9.63242917312143,"threshold_99":13.5368355379219},"Ts2":{"statistic":3.42944594479426,"conf_int":[1.46944594479426,5.38944594479426],"threshold_95":0.674630419058517,"threshold_99":0.948084939690773},"explvar.model.neof1":89.8757860451793,"explvar.model.neof2":89.7874114846434,"explvar.refmean.neof1":89.5716106695798,"explvar.refmean.neof2":89.4831910370318,"S":[3.32012230814628e-05,-3.81976469824676e-07,9.87545201578117e-07,1.24919064405544e-05,-3.81976469824676e-07,7.33014309257773e-06,2.50443704380742e-06,3.36787112728018e-06,9.87545201578117e-07,2.50443704380742e-06,1.9095616521618e-06,1.66492206972327e-06,1.24919064405544e-05,3.36787112728018e-06,1.66492206972327e-06,7.41977852841549e-06],"inv_S":[170758.307107905,178583.384415683,-1483.83164661331,-368214.785118687,178583.384415683,449199.116973666,-300334.025161337,-437163.846226875,-1483.83164661323,-300334.025161337,991234.445711664,-83601.6768662232,-368214.785118687,-437163.846226875,-83601.676866223,971889.712151577],"diff":[0.0309522053150441,0.0086120892986185,0.00302868808538798,0.012955949175994]}}
