{"description":{"TestName":"FGOALS-s2","variable":"tauu","neof1":2,"neof2":2,"TestPeriod":"1980-2005","nref":9,"ntest":1,"CommonSpace":"CCM"},"hotelling_res":{"T2":{"statistic":1906.4706103519,"mu":4,"nu":647.99999999999,"p_value":0,"conf_int":[1742.08758795648,2084.53506039692],"threshold_95":9.58736439446417,"threshold_99":13.4556581611028},"Ts2":{"statistic":21.8201323682454,"conf_int":[19.8601323682454,23.7801323682454],"threshold_95":0.109730283285719,"threshold_99":0.1540040746408},"explvar.model.neof1":84.4732254355668,"explvar.model.neof2":84.2311066620304,"explvar.refmean.neof1":84.1962307063765,"explvar.refmean.neof2":83.7380529088727,"S":[7.46554228974903e-05,-1.69590653855027e-05,5.11376321315861e-06,-2.52287492498983e-05,-1.69590653855027e-05,1.2669127356843e-05,-4.11750984969492e-06,5.45968815594142e-06,5.11376321315861e-06,-4.11750984969492e-06,2.20940263218197e-06,-1.64794156027695e-06,-2.52287492498983e-05,5.45968815594142e-06,-1.64794156027695e-06,8.63493426244054e-06],"inv_S":[1200921.40794676,148428.447611605,51438.6622197507,3424709.33107169,148428.447611604,255017.29740316,390492.643493536,346946.268876548,51438.6622197499,390492.643493536,1153412.90587598,123512.476362474,3424709.33107169,346946.268876549,123512.476362476,9926011.39400529],"diff":[-0.0115813530254844,-0.0119972318404303,-0.0123032320412274,0.0171450999688723]}}
