{"description":{"TestName":"HadGEM2-AO","variable":"tauu","neof1":2,"neof2":2,"TestPeriod":"1980-2005","nref":9,"ntest":1,"CommonSpace":"CCM"},"hotelling_res":{"T2":{"statistic":60.1546313778764,"mu":4,"nu":647.999999999997,"p_value":0,"conf_int":[36.1903488974843,97.7550498558549],"threshold_95":9.58736439446428,"threshold_99":13.4556581611028},"Ts2":{"statistic":3.81506838079214,"conf_int":[1.85506838079214,5.77506838079213],"threshold_95":0.608040476994844,"threshold_99":0.85337163269611},"explvar.model.neof1":82.1719202555215,"explvar.model.neof2":82.0316026278214,"explvar.refmean.neof1":85.5306414440379,"explvar.refmean.neof2":85.3768550639925,"S":[7.88779928294324e-05,-1.50714017086115e-05,1.10486403499284e-05,-2.62846927871579e-05,-1.50714017086115e-05,1.11135024901908e-05,-4.74265756461965e-06,4.55002959974387e-06,1.10486403499284e-05,-4.74265756461965e-06,3.35085050799457e-06,-2.83269984324824e-06,-2.62846927871579e-05,4.55002959974387e-06,-2.83269984324824e-06,9.39357292999346e-06],"inv_S":[1619268.7795123,-696696.370781001,-2965640.00327386,3974121.8622791,-696696.370781001,529158.199797082,1585680.71449309,-1727604.41138719,-2965640.00327386,1585680.71449309,6250130.06040041,-7181621.80146244,3974121.8622791,-1727604.41138719,-7181621.80146244,9897814.72915947],"diff":[-0.0252767509845782,0.00364199343385949,-0.00218740148394859,0.0114652355595426]}}
