{"description":{"TestName":"NorESM1-ME","variable":"hfss","neof1":2,"neof2":2,"TestPeriod":"1980-2005","nref":12,"ntest":1,"CommonSpace":"CCM"},"hotelling_res":{"T2":{"statistic":118.354871077824,"mu":4,"nu":1584,"p_value":0,"conf_int":[82.268633679275,168.100133580561],"threshold_95":9.52827194591272,"threshold_99":13.349435656066},"Ts2":{"statistic":5.39416597182805,"conf_int":[3.43416597182805,7.35416597182805],"threshold_95":0.434262483942637,"threshold_99":0.608416627919863},"explvar.model.neof1":82.8796201244187,"explvar.model.neof2":82.8085536860342,"explvar.refmean.neof1":87.14253277064,"explvar.refmean.neof2":86.999682622401,"S":[6.59070662932837,-1.03604349454483,-0.914134745986674,-1.4121552461059,-1.03604349454483,0.891026145683442,0.276208230857934,0.102265344082659,-0.914134745986674,0.276208230857934,0.486276658205822,0.200266517536237,-1.4121552461059,0.102265344082659,0.200266517536237,0.404240853972687],"inv_S":[0.89232002694171,0.67348201788538,0.102134355655467,2.89621010277633,0.67348201788538,1.87121603922086,-0.717089948096463,2.23458294825754,0.102134355655467,-0.717089948096463,3.0580305759261,-0.976789242484431,2.89621010277633,2.23458294825754,-0.976789242484431,12.509858977976],"diff":[0.999757416570837,-3.17947127063671,-0.0739148593299226,-2.55996308351527]}}
