{"description":{"TestName":"MRI-CGCM3","variable":"tauu","neof1":2,"neof2":2,"TestPeriod":"1980-2005","nref":9,"ntest":1,"CommonSpace":"CCM"},"hotelling_res":{"T2":{"statistic":230.753921557601,"mu":4,"nu":647.999999999999,"p_value":0,"conf_int":[177.84961528032,297.328861770911],"threshold_95":9.5873643944643,"threshold_99":13.4556581611029},"Ts2":{"statistic":7.56259061251074,"conf_int":[5.60259061251074,9.52259061251074],"threshold_95":0.314210529896441,"threshold_99":0.440987669494097},"explvar.model.neof1":85.3557013452199,"explvar.model.neof2":84.9881685738454,"explvar.refmean.neof1":85.403012777637,"explvar.refmean.neof2":85.0767348483679,"S":[8.16324927440727e-05,8.23782115780189e-06,1.54553166291087e-05,2.90452355388565e-05,8.23782115780189e-06,8.27153820260997e-06,3.55006371746898e-06,2.57695740010654e-06,1.54553166291087e-05,3.55006371746898e-06,4.70595318244882e-06,4.19003440052672e-06,2.90452355388565e-05,2.57695740010654e-06,4.19003440052672e-06,1.24274810444337e-05],"inv_S":[335609.763289275,144722.667378468,-694879.784651929,-580104.571863165,144722.667378468,242450.154349202,-446230.987681596,-238066.304964078,-694879.78465193,-446230.987681596,1861741.30194253,1088885.60069932,-580104.571863164,-238066.304964078,1088885.60069932,1118512.47073791],"diff":[-0.0306826226171616,-0.0167578936650347,-0.000638822860202988,-0.00800705309740742]}}
