{"description":{"TestName":"GFDL-ESM2G","variable":"hfss","neof1":2,"neof2":2,"TestPeriod":"1980-2005","nref":12,"ntest":1,"CommonSpace":"CCM"},"hotelling_res":{"T2":{"statistic":127.910210072556,"mu":4,"nu":1584,"p_value":0,"conf_int":[90.1471070961264,179.334114900156],"threshold_95":9.52827194591271,"threshold_99":13.349435656066},"Ts2":{"statistic":5.61117190455941,"conf_int":[3.65117190455941,7.57117190455941],"threshold_95":0.417986740945697,"threshold_99":0.585613753996274},"explvar.model.neof1":86.1657564429768,"explvar.model.neof2":86.0613951518195,"explvar.refmean.neof1":86.5260196903658,"explvar.refmean.neof2":86.2884312865902,"S":[6.13944994755755,-1.33923371939134,0.657506564932329,1.23794335897132,-1.33923371939134,0.697808640290708,-0.358842869704469,-0.137263693881331,0.657506564932329,-0.358842869704469,0.461607327018937,0.000202020140016566,1.23794335897132,-0.137263693881331,0.000202020140016566,0.538865142506258],"inv_S":[0.597244529493151,0.798258512407838,-0.229646995767089,-1.16863486592497,0.798258512407838,3.67131382042589,1.71736063779435,-0.899311592082149,-0.229646995767089,1.71736063779435,3.82806393625005,0.963595250864108,-1.16863486592497,-0.899311592082148,0.963595250864108,4.31103460098124],"diff":[-3.96514365053403,-2.82521691012744,-1.6940182865557,-4.82864796093777]}}
