{"description":{"TestName":"NorESM1-M","variable":"tauv","neof1":2,"neof2":2,"TestPeriod":"1980-2005","nref":8,"ntest":1,"CommonSpace":"CCM"},"hotelling_res":{"T2":{"statistic":105.185577166064,"mu":4,"nu":448.000000000001,"p_value":0,"conf_int":[71.5239034478244,152.503301211658],"threshold_95":9.63242917312136,"threshold_99":13.5368355379219},"Ts2":{"statistic":5.07993345477516,"conf_int":[3.11993345477516,7.03993345477516],"threshold_95":0.465197801120953,"threshold_99":0.653760958237769},"explvar.model.neof1":85.5571275994135,"explvar.model.neof2":85.375461829669,"explvar.refmean.neof1":88.1168105682223,"explvar.refmean.neof2":87.91325220531,"S":[3.14856846792235e-05,-1.82156308302723e-06,-3.66794535663139e-07,-1.10806932648107e-05,-1.82156308302723e-06,7.26656876498786e-06,-2.01749978862105e-06,4.77755386410262e-06,-3.66794535663139e-07,-2.01749978862105e-06,1.51288320638079e-06,-1.04774017067933e-06,-1.10806932648107e-05,4.77755386410262e-06,-1.04774017067933e-06,7.57161423732032e-06],"inv_S":[112160.475135646,-126783.06403855,30082.3347892993,248302.033169297,-126783.06403855,487305.5608679,307096.003213599,-450526.913200542,30082.3347892993,307096.003213599,1077347.36402012,-667.553984690373,248302.033169297,-450526.913200542,-667.553984690373,779632.407763103],"diff":[0.00759860752951415,0.00898358397463575,0.00265120298537125,-0.00594593407676332]}}
