{"description":{"TestName":"GFDL-CM3","variable":"tauu","neof1":2,"neof2":2,"TestPeriod":"1980-2005","nref":9,"ntest":1,"CommonSpace":"CCM"},"hotelling_res":{"T2":{"statistic":58.3412409365113,"mu":4,"nu":647.999999999995,"p_value":0,"conf_int":[34.8321277818442,95.4850510462142],"threshold_95":9.58736439446425,"threshold_99":13.4556581611029},"Ts2":{"statistic":3.75524734840406,"conf_int":[1.79524734840406,5.71524734840406],"threshold_95":0.617109340537937,"threshold_99":0.866099586148686},"explvar.model.neof1":84.6837086240939,"explvar.model.neof2":84.364942943138,"explvar.refmean.neof1":85.7847489669078,"explvar.refmean.neof2":85.3919240030228,"S":[7.91353879564549e-05,-6.78612500079762e-06,1.15736943857842e-05,-3.03937525551416e-05,-6.78612500079762e-06,6.58304883676488e-06,-2.67478566331035e-06,2.45669563629158e-06,1.15736943857842e-05,-2.67478566331035e-06,3.543523357452e-06,-3.13164818973868e-06,-3.03937525551416e-05,2.45669563629158e-06,-3.13164818973868e-06,1.34735118603277e-05],"inv_S":[423457.392478076,-197191.256863919,-825509.160384759,799323.439114333,-197191.256863919,310969.736492557,548153.63095954,-374120.421459561,-825509.160384759,548153.63095954,2086790.85081138,-1477111.03103166,799323.439114333,-374120.421459561,-1477111.03103166,1602236.07358109],"diff":[-0.041418755579409,0.0149630168090805,-0.00660961817837448,0.0155795568287492]}}
