{"description":{"TestName":"CNRM-CM5-2","variable":"hfls","neof1":3,"neof2":3,"TestPeriod":"1980-2005","nref":12,"ntest":1,"CommonSpace":"CCM"},"hotelling_res":{"T2":{"statistic":1390.55002024892,"mu":9,"nu":1583.99999999996,"p_value":0,"conf_int":[1256.00417535469,1548.77334566987],"threshold_95":17.0584339832778,"threshold_99":21.8775081701154},"Ts2":{"statistic":18.6149438345746,"conf_int":[16.6549438345746,20.5749438345746],"threshold_95":0.228356970896791,"threshold_99":0.29286870655271},"explvar.model.neof1":84.8438503103415,"explvar.model.neof2":84.6440187101139,"explvar.refmean.neof1":86.333543407971,"explvar.refmean.neof2":86.0722857629206,"S":[92.9352077568334,-10.400477870359,-7.9458731441985,39.7983198836335,30.3973730517343,-1.97654226070274,0.383290295856147,-3.77539348938395,24.6545136090588,-10.400477870359,22.6372632805114,13.3911455130684,-6.86792731626973,8.31770390854316,-3.14592442737882,1.15495272069713,-1.68661430359691,-5.16558688097123,-7.9458731441985,13.3911455130684,12.9949036296279,-2.94802735366975,4.709314369162,0.368188216906536,0.206566878284932,-1.02101125793938,-0.34916642588043,39.7983198836335,-6.86792731626973,-2.94802735366975,26.9837072770385,10.1826344889656,0.383326645954849,0.91645062503559,-1.14443437809239,9.42447491842693,30.3973730517343,8.31770390854316,4.709314369162,10.1826344889656,18.3082372551447,-3.49484972368808,0.122300585197746,-2.755699901394,8.58189010692693,-1.97654226070274,-3.14592442737882,0.368188216906536,0.383326645954849,-3.49484972368808,3.03140359060762,-0.296292363002507,0.776598515652232,1.11528786607021,0.383290295856147,1.15495272069713,0.206566878284932,0.91645062503559,0.122300585197746,-0.296292363002507,0.714168344908151,-0.0628705447300566,-1.57678262231854,-3.77539348938395,-1.68661430359691,-1.02101125793938,-1.14443437809239,-2.755699901394,0.776598515652232,-0.0628705447300566,0.614542458877634,-0.991344102180113,24.6545136090588,-5.16558688097123,-0.34916642588043,9.42447491842693,8.58189010692693,1.11528786607021,-1.57678262231854,-0.991344102180113,11.7245316294601],"inv_S":[0.539041152405556,0.5334511647364,0.469407135017161,-0.209894995669564,-1.66138464376993,-1.53975721950623,0.464018006259582,0.986525048544929,0.792575502108233,0.533451164736392,4.17263526373974,-0.75384217045031,-0.320692384627914,-7.4804295264386,-7.04736816666552,12.5100966581172,4.26727913495945,9.14095238021112,0.469407135017164,-0.753842170450299,1.08920088152893,-0.158058748679194,0.17557952123215,-0.202763186877942,-2.72450575169393,0.529048388726431,-1.59061858336015,-0.209894995669564,-0.320692384627918,-0.158058748679193,0.205656608223339,0.899364465977662,0.917326180588167,-1.28486862160359,-0.670045125599188,-0.844949170218752,-1.66138464376992,-7.48042952643862,0.175579521232171,0.899364465977656,15.2700724553143,14.8162920617062,-22.7299269181951,-8.59080863427992,-16.889546780137,-1.53975721950622,-7.04736816666554,-0.202763186877922,0.917326180588162,14.8162920617062,15.6836766403922,-23.3593547789772,-10.5996253961294,-16.9850749283595,0.464018006259563,12.5100966581172,-2.72450575169396,-1.28486862160358,-22.729926918195,-23.3593547789771,50.5412196077761,15.3667317662339,32.4434396784153,0.986525048544925,4.26727913495948,0.529048388726418,-0.670045125599186,-8.59080863427995,-10.5996253961294,15.366731766234,12.922038392782,10.815566086806,0.792575502108217,9.14095238021112,-1.59061858336017,-0.844949170218744,-16.889546780137,-16.9850749283595,32.4434396784154,10.815566086806,22.3336267975248],"diff":[12.8381502398024,17.2186565142014,-9.17792386286465,5.20829162537228,15.3436674564158,4.35885719559977,2.8127319943734,-1.46482344354279,7.61398808140514]}}
