{"description":{"TestName":"MPI-ESM-P","variable":"tauu","neof1":2,"neof2":2,"TestPeriod":"1980-2005","nref":9,"ntest":1,"CommonSpace":"CCM"},"hotelling_res":{"T2":{"statistic":280.83970695619,"mu":4,"nu":648.000000000009,"p_value":0,"conf_int":[221.809402024468,353.542832091685],"threshold_95":9.58736439446431,"threshold_99":13.4556581611029},"Ts2":{"statistic":8.34945880345084,"conf_int":[6.38945880345084,10.3094588034508],"threshold_95":0.285035563214495,"threshold_99":0.400041236002899},"explvar.model.neof1":85.5646877910596,"explvar.model.neof2":85.4396159126357,"explvar.refmean.neof1":85.7779842376438,"explvar.refmean.neof2":85.6693351562745,"S":[7.80522761331895e-05,1.16532035685327e-05,1.39388896657311e-05,2.94746426374063e-05,1.16532035685327e-05,9.73045148614303e-06,4.20810373802064e-06,4.72136787724931e-06,1.39388896657311e-05,4.20810373802064e-06,4.2115065454522e-06,4.34581411811553e-06,2.94746426374063e-05,4.72136787724931e-06,4.34581411811553e-06,1.26252890526359e-05],"inv_S":[428470.436872567,231587.669576994,-818777.768593544,-805064.150427913,231587.669576994,306723.704681105,-615229.270995598,-443589.621700109,-818777.768593544,-615229.270995599,2097114.08327248,1419709.10771687,-805064.150427913,-443589.621700109,1419709.10771687,1635886.19275062],"diff":[-0.0320933275233116,-0.00783515121364869,0.000158183436357729,-0.00625907846208733]}}
