{"description":{"TestName":"CCSM4","variable":"hfls","neof1":3,"neof2":3,"TestPeriod":"1980-2005","nref":12,"ntest":1,"CommonSpace":"CCM"},"hotelling_res":{"T2":{"statistic":448.661773692365,"mu":9,"nu":1584,"p_value":0,"conf_int":[377.094662697088,543.895028464736],"threshold_95":17.0584339832779,"threshold_99":21.8775081701156},"Ts2":{"statistic":10.5381030043482,"conf_int":[8.5781030043482,12.4981030043482],"threshold_95":0.40066603608605,"threshold_99":0.513855755255913},"explvar.model.neof1":84.8980912505094,"explvar.model.neof2":84.7419410244705,"explvar.refmean.neof1":87.9344576242188,"explvar.refmean.neof2":87.7532482574239,"S":[89.3838748280212,2.7630867889313,5.10122673097468,44.3952702318258,-34.8130128328045,0.662949981964064,2.79806537707755,1.51793034957136,-26.3746988730755,2.7630867889313,13.5289865633939,7.73820495246953,2.73230102573327,10.8453149471047,-2.78109391271243,-1.18029326957703,-0.734204470662624,-1.59847431756743,5.10122673097468,7.73820495246953,9.22348931131801,1.86861905220661,5.89428319118369,0.85414935434516,0.0748129611036821,-0.515951237027827,1.63827899539602,44.3952702318258,2.73230102573327,1.86861905220661,33.3899496654918,-16.021169735318,-1.06011032091956,2.51823598096295,0.712787464916139,-11.4930813632792,-34.8130128328045,10.8453149471047,5.89428319118369,-16.021169735318,26.0659767935516,-3.76594811820323,-1.85334688001695,-1.5811746862701,11.0097444031898,0.662949981964064,-2.78109391271243,0.85414935434516,-1.06011032091956,-3.76594811820323,4.02518095830298,0.589880190967,0.537270524277866,1.95334294802988,2.79806537707755,-1.18029326957703,0.0748129611036821,2.51823598096295,-1.85334688001695,0.589880190967,0.941434521698818,0.240964837515415,1.07893207014995,1.51793034957136,-0.734204470662624,-0.515951237027827,0.712787464916139,-1.5811746862701,0.537270524277866,0.240964837515415,0.319061051245903,-0.27060825493577,-26.3746988730755,-1.59847431756743,1.63827899539602,-11.4930813632792,11.0097444031898,1.95334294802988,1.07893207014995,-0.27060825493577,13.9456383289175],"inv_S":[0.534702224353284,-0.355295193730992,-0.729018664575179,-0.0285519709903728,0.969761493953496,0.7524505477821,-0.620604303586502,-0.296084919883155,0.203914112443088,-0.355295193730991,1.20763612247487,0.231009369311693,-0.122895093680712,-1.69532396369875,-1.06974192293805,-0.75478387449156,-0.165152630482967,0.881493941560191,-0.72901866457518,0.231009369311697,1.6866549419357,0.0942872041879208,-1.76046033998293,-2.00046346150165,-1.09551397140394,2.26488013880679,0.3260334034644,-0.0285519709903728,-0.122895093680711,0.0942872041879209,0.150342267580655,0.0135132496249788,-0.0550603039551289,-0.629295979066206,0.387701945585496,0.0979940852852928,0.969761493953494,-1.69532396369875,-1.76046033998293,0.0135132496249791,3.96508171644355,3.53362626393125,3.65872342287276,-2.23149098053964,-2.09396112011083,0.752450547782099,-1.06974192293806,-2.00046346150165,-0.0550603039551286,3.53362626393125,4.07056950569502,4.85999793942392,-4.13946619847238,-2.32611189796083,-0.620604303586502,-0.754783874491563,-1.09551397140394,-0.629295979066205,3.65872342287276,4.85999793942392,17.7690563224971,-8.35218327835923,-6.75617503466539,-0.296084919883154,-0.165152630482964,2.26488013880679,0.387701945585496,-2.23149098053965,-4.13946619847238,-8.35218327835924,11.4557281243862,2.68454094071948,0.20391411244309,0.881493941560191,0.326033403464396,0.0979940852852924,-2.09396112011083,-2.32611189796083,-6.75617503466539,2.68454094071948,3.15460087734283],"diff":[-16.7756921791576,0.903879694390778,-14.7171592261847,-3.18826411219585,5.60425446345414,1.32014861960444,-1.43424920310283,-1.53341929140748,8.84237718903216]}}
