{"description":{"TestName":"NorESM1-ME","variable":"hfls","neof1":3,"neof2":3,"TestPeriod":"1980-2005","nref":12,"ntest":1,"CommonSpace":"CCM"},"hotelling_res":{"T2":{"statistic":598.796037663065,"mu":9,"nu":1584,"p_value":0,"conf_int":[514.389251946084,706.873151351353],"threshold_95":17.0584339832779,"threshold_99":21.8775081701156},"Ts2":{"statistic":12.189438084607,"conf_int":[10.229438084607,14.149438084607],"threshold_95":0.347251337318506,"threshold_99":0.445351195585503},"explvar.model.neof1":84.1533309358693,"explvar.model.neof2":84.0294566810203,"explvar.refmean.neof1":86.3032486850179,"explvar.refmean.neof2":86.1799289596936,"S":[88.313235509983,5.42892392816763,2.64819907943934,42.5525979215589,-33.2343849379019,-3.73686523597855,4.36297335151423,3.87630597324929,-25.3213446384761,5.42892392816763,11.4915588187289,8.21199939685051,4.18736031833217,8.79299655483471,-2.10025989484982,-0.562056687133316,0.118457892062535,-2.24303460350204,2.64819907943934,8.21199939685051,10.5885448155886,0.972091843373126,8.25966929185473,0.822291938418545,-0.0751804022408043,-0.50305116015652,1.99558055317184,42.5525979215589,4.18736031833217,0.972091843373126,31.1674970879381,-13.816319665437,-3.02896269029231,3.53216842827996,1.62109051698377,-10.4254049932521,-33.2343849379019,8.79299655483471,8.25966929185473,-13.816319665437,25.5913798523812,-1.1622703957579,-1.99763335637905,-2.07974920406039,10.5795742913719,-3.73686523597855,-2.10025989484982,0.822291938418545,-3.02896269029231,-1.1622703957579,3.12182313439202,0.159125362327726,-0.127385279745984,3.00610040449178,4.36297335151423,-0.562056687133316,-0.0751804022408043,3.53216842827996,-1.99763335637905,0.159125362327726,1.11498969586621,0.0612385545032377,0.700993846446352,3.87630597324929,0.118457892062535,-0.50305116015652,1.62109051698377,-2.07974920406039,-0.127385279745984,0.0612385545032377,0.375628068926164,-1.70756926868338,-25.3213446384761,-2.24303460350204,1.99558055317184,-10.4254049932521,10.5795742913719,3.00610040449178,0.700993846446352,-1.70756926868338,13.251358972275],"inv_S":[0.521428887725523,-0.0514282977588353,-0.641411447910133,-0.00479288445703305,0.498873341792153,0.32792359317002,-1.73019821505188,0.317540031147848,0.740255143882988,-0.0514282977588348,1.13316257977567,-0.298450351125562,-0.0263150903245095,-0.995627160516631,-0.483013923686922,-1.37479856014572,-1.41797794023117,0.912242671340105,-0.641411447910133,-0.298450351125561,1.61583197508568,0.160820065406952,-1.21878628044507,-1.89144845456727,-0.281215490425701,2.29033548754531,0.319168580968164,-0.00479288445703266,-0.0263150903245094,0.160820065406952,0.230384702011373,-0.280400149253314,-0.484028866833285,-1.62823502942335,0.936786927516255,0.683937503835576,0.498873341792153,-0.995627160516632,-1.21878628044507,-0.280400149253314,2.6649136964515,3.11773167679343,4.3669845676232,-1.67625807282394,-2.53420077961809,0.327923593170018,-0.483013923686922,-1.89144845456726,-0.484028866833285,3.11773167679343,5.1477295446,7.79256835615436,-5.78386902578528,-4.36554282391912,-1.73019821505188,-1.37479856014572,-0.281215490425693,-1.62823502942335,4.3669845676232,7.79256835615435,27.7011084882224,-12.1214255710189,-13.059117089886,0.31754003114785,-1.41797794023117,2.2903354875453,0.936786927516254,-1.67625807282393,-5.78386902578527,-12.1214255710189,19.322202988597,6.5402977841803,0.740255143882988,0.912242671340105,0.319168580968163,0.683937503835575,-2.53420077961809,-4.36554282391912,-13.059117089886,6.5402977841803,6.68159727821763],"diff":[-16.8667566583001,6.84711846592616,-17.2951545774308,-4.21091314078202,3.08756329550082,0.518703248804858,-0.0583135531998265,-1.52523132383645,5.59007647797845]}}
