{"description":{"TestName":"FGOALS-g2","variable":"tauu","neof1":2,"neof2":2,"TestPeriod":"1980-2005","nref":9,"ntest":1,"CommonSpace":"CCM"},"hotelling_res":{"T2":{"statistic":609.393821950074,"mu":4,"nu":648.00000000002,"p_value":0,"conf_int":[519.346875529423,713.119027539966],"threshold_95":9.58736439446419,"threshold_99":13.4556581611029},"Ts2":{"statistic":12.3227468972829,"conf_int":[10.3627468972829,14.2827468972829],"threshold_95":0.193869154214502,"threshold_99":0.272091156626812},"explvar.model.neof1":82.8315977981256,"explvar.model.neof2":82.6925137544499,"explvar.refmean.neof1":84.7406562538951,"explvar.refmean.neof2":84.5753734438089,"S":[7.8707098032363e-05,1.67053991425498e-05,1.0927072780705e-05,3.04103587646589e-05,1.67053991425498e-05,1.16659187066065e-05,5.17507352321001e-06,6.93624490092554e-06,1.0927072780705e-05,5.17507352321001e-06,3.34193185798748e-06,3.83565169957576e-06,3.04103587646589e-05,6.93624490092554e-06,3.83565169957576e-06,1.24552283786288e-05],"inv_S":[602558.326783229,414408.266021461,-1018464.32991476,-1388330.84007346,414408.26602146,568388.396400423,-1099015.96502252,-989892.94552689,-1018464.32991476,-1099015.96502252,2744831.58040853,2253406.42302905,-1388330.84007346,-989892.945526891,2253406.42302905,3327317.28318444],"diff":[-0.00445294077649368,0.00500002398808272,-0.00697610017278068,-0.00812069210179207]}}
