{"description":{"TestName":"CMIP5 IPSL-CM5A-MR","variable":"tauu","neof1":2,"neof2":2,"TestPeriod":"1980-2005","nref":9,"ntest":1,"CommonSpace":"CCM"},"hotelling_res":{"T2":{"statistic":81.6062373230062,"mu":4,"nu":647.99999999999,"p_value":0,"conf_int":[52.6934708672085,124.167346972527],"threshold_95":9.58736439446418,"threshold_99":13.4556581611028},"Ts2":{"statistic":4.46245674050208,"conf_int":[2.50245674050208,6.42245674050208],"threshold_95":0.524263834103586,"threshold_99":0.735792929910977},"explvar.model.neof1":82.0834059286417,"explvar.model.neof2":81.8703545991949,"explvar.refmean.neof1":84.0861721494617,"explvar.refmean.neof2":83.8183058424608,"S":[7.74662098300986e-05,1.2929501547309e-05,1.13664436388353e-05,3.09928636546519e-05,1.2929501547309e-05,9.81454285865388e-06,4.02490610253819e-06,5.47677579574203e-06,1.13664436388353e-05,4.02490610253819e-06,3.46541863344592e-06,3.80290912541281e-06,3.09928636546519e-05,5.47677579574203e-06,3.80290912541281e-06,1.32103030845269e-05],"inv_S":[959651.138752633,467638.187419541,-1472448.08005511,-2021444.92781212,467638.187419541,427261.566544636,-923434.095519964,-1008434.57978934,-1472448.08005511,-923434.095519964,2893737.88156735,3004336.96613136,-2021444.92781212,-1008434.57978934,3004336.96613136,4371445.24977416],"diff":[-0.00850295552490392,-0.00363536350323992,-0.00221036335072292,-0.00752755834690464]}}
