{"description":{"TestName":"inmcm4","variable":"tauv","neof1":2,"neof2":2,"TestPeriod":"1980-2005","nref":8,"ntest":1,"CommonSpace":"CCM"},"hotelling_res":{"T2":{"statistic":82.5357052923661,"mu":4,"nu":447.999999999999,"p_value":0,"conf_int":[53.4238860869708,125.296254256754],"threshold_95":9.63242917312143,"threshold_99":13.5368355379219},"Ts2":{"statistic":4.48840234873881,"conf_int":[2.52840234873881,6.44840234873881],"threshold_95":0.523824417221007,"threshold_99":0.736151271836522},"explvar.model.neof1":86.6295475384509,"explvar.model.neof2":86.5339229853882,"explvar.refmean.neof1":87.1699029043597,"explvar.refmean.neof2":87.0519078266642,"S":[2.94124617345924e-05,2.35979166204874e-06,-1.02455110222203e-06,-9.87493389229654e-06,2.35979166204874e-06,7.67190990197766e-06,-2.01355694587764e-06,-4.73122517554564e-06,-1.02455110222203e-06,-2.01355694587764e-06,1.60035284941974e-06,1.78947020500693e-06,-9.87493389229654e-06,-4.73122517554564e-06,1.78947020500693e-06,6.71066341870857e-06],"inv_S":[107129.024488864,98534.5424904426,-87474.1518871173,250439.252651278,98534.5424904426,351531.231690289,94208.311724659,367715.140173736,-87474.1518871173,94208.311724659,1078693.4964768,-349946.116612796,250439.252651278,367715.140173736,-349946.116612796,870112.532442726],"diff":[0.00519190757351114,0.00998709227517018,-0.00295825876372626,0.00201899790942065]}}
