{"description":{"TestName":"CMCC-CMS","variable":"hfls","neof1":3,"neof2":3,"TestPeriod":"1980-2005","nref":12,"ntest":1,"CommonSpace":"CCM"},"hotelling_res":{"T2":{"statistic":641.53074425477,"mu":9,"nu":1583.99999999997,"p_value":0,"conf_int":[553.771324928244,752.961326202921],"threshold_95":17.0584339832779,"threshold_99":21.8775081701156},"Ts2":{"statistic":12.6200444681489,"conf_int":[10.6600444681489,14.5800444681489],"threshold_95":0.335569569118665,"threshold_99":0.430369282270132},"explvar.model.neof1":87.6949836666225,"explvar.model.neof2":87.5943243982937,"explvar.refmean.neof1":86.6568637850286,"explvar.refmean.neof2":86.5540812890956,"S":[77.163310358353,4.20093161477869,12.7898590189383,-44.092040452344,30.1821807100541,-10.2891490376521,3.83146938408564,-1.34022309473336,25.8681045467945,4.20093161477869,18.038923360816,6.96851584380167,-6.32648367400947,-12.697041138781,2.40298268184206,2.12223497757983,3.57588804955283,3.57310601094102,12.7898590189383,6.96851584380167,8.53116671454785,-6.8195282139261,-0.999665980846289,-3.35394652485076,0.924299995123246,0.690593419374959,1.67884970548777,-44.092040452344,-6.32648367400947,-6.8195282139261,37.9019365908687,-13.5942675356202,5.01714828755526,-2.50424127295566,-0.0870059695914708,-13.7307870326329,30.1821807100541,-12.697041138781,-0.999665980846289,-13.5942675356202,24.76270092097,-6.73841938449901,0.202461341310873,-3.53512472147631,10.173775918543,-10.2891490376521,2.40298268184206,-3.35394652485076,5.01714828755526,-6.73841938449901,5.08278523012071,0.0660827794848576,1.46200471517888,-0.896663743480112,3.83146938408564,2.12223497757983,0.924299995123246,-2.50424127295566,0.202461341310873,0.0660827794848576,0.688953106030381,0.493392598791103,2.5692478048063,-1.34022309473336,3.57588804955283,0.690593419374959,-0.0870059695914708,-3.53512472147631,1.46200471517888,0.493392598791103,1.12845976227745,0.608800312167006,25.8681045467945,3.57310601094102,1.67884970548777,-13.7307870326329,10.173775918543,-0.896663743480112,2.5692478048063,0.608800312167006,14.8384966310837],"inv_S":[1.16101646389696,-1.15416754433076,-1.79012021073122,0.353507411700863,-2.39273673968778,-2.26841038482763,-1.26735002899421,1.92569007332414,0.427461574364042,-1.15416754433077,2.84293429573186,1.35379731523234,-0.0584316098771783,4.35445587862301,3.39853629109975,5.3657045761882,-2.98981976717413,-2.46633130186662,-1.79012021073122,1.35379731523234,3.37775975527022,-0.588445173205851,3.39571038822399,3.99126073355898,1.57206236823784,-3.5629478131104,-0.344986614525134,0.353507411700862,-0.0584316098771759,-0.588445173205849,0.209947855547441,-0.34942172162653,-0.495498328902437,0.400989985111237,0.472279140118901,-0.220524191036258,-2.39273673968779,4.35445587862301,3.395710388224,-0.349421721626535,7.7053784594304,6.5120700024029,8.89294337239928,-4.87403289371833,-3.81417414539136,-2.26841038482764,3.39853629109974,3.99126073355899,-0.49549832890244,6.51207000240289,7.04261284410843,8.24364517265525,-6.67182870493397,-2.96686414600718,-1.26735002899423,5.36570457618821,1.57206236823788,0.400989985111227,8.89294337239932,8.24364517265528,29.1875499753215,-10.0976337055413,-9.12809979923769,1.92569007332415,-2.98981976717414,-3.56294781311043,0.472279140118906,-4.87403289371836,-6.67182870493399,-10.0976337055412,11.3462091236533,2.42451031715046,0.427461574364049,-2.46633130186662,-0.344986614525146,-0.220524191036255,-3.81417414539137,-2.96686414600719,-9.1280997992377,2.42451031715047,3.66793450322113],"diff":[13.9920647524064,-4.96706226549389,0.808286568607754,5.96081861045468,11.2126504695046,2.50218591926885,-4.91773475720642,0.947035372423987,5.8114343156851]}}
