{"description":{"TestName":"CESM1-FASTCHEM","variable":"hfss","neof1":2,"neof2":2,"TestPeriod":"1980-2005","nref":12,"ntest":1,"CommonSpace":"CCM"},"hotelling_res":{"T2":{"statistic":21.0331773256053,"mu":4,"nu":1584,"p_value":0,"conf_int":[9.18827839407725,46.4298170521702],"threshold_95":9.52827194591271,"threshold_99":13.349435656066},"Ts2":{"statistic":2.19128043973103,"conf_int":[0.231280439731031,4.15128043973103],"threshold_95":0.992675315588137,"threshold_99":1.39077214924511},"explvar.model.neof1":84.5425312479199,"explvar.model.neof2":84.4513154399018,"explvar.refmean.neof1":89.4002291064098,"explvar.refmean.neof2":89.2981506631949,"S":[6.6360940084413,-1.1153160423243,0.724939924413814,1.44833061802844,-1.1153160423243,0.943758897443035,-0.259724924371504,-0.167590170460121,0.724939924413814,-0.259724924371504,0.411534580066339,0.156118397745062,1.44833061802844,-0.167590170460121,0.156118397745062,0.399401919624468],"inv_S":[0.924014845064655,0.506266459457225,-0.138148365856087,-3.08427713369771,0.506266459457225,1.58316857253251,0.647841251809536,-1.42477447763805,-0.138148365856086,0.647841251809536,3.27453979823802,-0.507157233800954,-3.08427713369771,-1.42477447763805,-0.507157233800954,13.2884974348168],"diff":[-0.579395887616913,1.4482544585419,-0.195909519118566,-1.16746519498744]}}
