{"description":{"TestName":"CMCC-CMS","variable":"tauu","neof1":2,"neof2":2,"TestPeriod":"1980-2005","nref":9,"ntest":1,"CommonSpace":"CCM"},"hotelling_res":{"T2":{"statistic":29.7401811003855,"mu":4,"nu":647.999999999991,"p_value":0,"conf_int":[14.617139222294,58.4525148475389],"threshold_95":9.58736439446419,"threshold_99":13.4556581611028},"Ts2":{"statistic":2.63942249014242,"conf_int":[0.67942249014242,4.59942249014242],"threshold_95":0.850872599548878,"threshold_99":1.19418125431734},"explvar.model.neof1":85.5955707879335,"explvar.model.neof2":85.4126761417756,"explvar.refmean.neof1":86.027913895475,"explvar.refmean.neof2":85.818688061555,"S":[8.01987293575636e-05,-1.08052295184849e-05,1.04867981598838e-05,-2.88235039985571e-05,-1.08052295184849e-05,8.70031736983496e-06,-3.59706445052447e-06,3.49514894360095e-06,1.04867981598838e-05,-3.59706445052447e-06,2.87489762860982e-06,-2.91342153482057e-06,-2.88235039985571e-05,3.49514894360095e-06,-2.91342153482057e-06,1.13669390179891e-05],"inv_S":[605236.508698209,-287144.800130307,-1245841.43475404,1303692.18000862,-287144.800130307,374496.606544792,893494.23319623,-614265.226740985,-1245841.43475404,893494.23319623,3418234.73100198,-2557738.04003754,1303692.18000862,-614265.226740985,-2557738.04003754,2927099.02663942],"diff":[-0.0244535052335605,0.00799732535452256,-0.00448051099976281,0.0112162081156426]}}
