{"description":{"TestName":"GISS-E2-H","variable":"hfss","neof1":2,"neof2":2,"TestPeriod":"1980-2005","nref":12,"ntest":1,"CommonSpace":"CCM"},"hotelling_res":{"T2":{"statistic":90.2673250672496,"mu":4,"nu":1584,"p_value":0,"conf_int":[59.5405004017318,134.645788616749],"threshold_95":9.52827194591268,"threshold_99":13.349435656066},"Ts2":{"statistic":4.69868804452505,"conf_int":[2.73868804452505,6.65868804452505],"threshold_95":0.495975453397884,"threshold_99":0.694878613845966},"explvar.model.neof1":80.4447403975135,"explvar.model.neof2":80.2392159618823,"explvar.refmean.neof1":87.9168911889231,"explvar.refmean.neof2":87.3349683840602,"S":[5.47830035244575,2.07115248517024,0.361388725151442,0.871166783072262,2.07115248517024,1.4188053016876,0.227184403641959,0.562089500929434,0.361388725151442,0.227184403641959,0.458169723362971,0.135519840074539,0.871166783072262,0.562089500929434,0.135519840074539,0.269420568969302],"inv_S":[0.416842873602057,-0.42470635040033,0.0216063542244485,-0.472661663735181,-0.42470635040033,4.63067005304615,0.575913748381075,-8.57732838281402,0.0216063542244484,0.575913748381075,2.65037019635682,-2.6045359392664,-0.472661663735181,-8.57732838281402,-2.6045359392664,24.4449029642935],"diff":[0.150030204895174,6.86546291041974,-0.77010218045903,2.97200623580036]}}
