{"description":{"TestName":"MIROC-ESM-CHEM","variable":"tauv","neof1":2,"neof2":2,"TestPeriod":"1980-2005","nref":8,"ntest":1,"CommonSpace":"CCM"},"hotelling_res":{"T2":{"statistic":31.5776439173572,"mu":4,"nu":447.999999999999,"p_value":0,"conf_int":[15.8228108518717,60.9271061133337],"threshold_95":9.63242917312142,"threshold_99":13.536835537922},"Ts2":{"statistic":2.72473717992301,"conf_int":[0.764737179923007,4.68473717992301],"threshold_95":0.831152506807277,"threshold_99":1.1680516502501},"explvar.model.neof1":86.3259401767162,"explvar.model.neof2":85.9969026049331,"explvar.refmean.neof1":86.7929316794402,"explvar.refmean.neof2":86.3941709268665,"S":[2.92287758429679e-05,5.19517679138966e-07,-2.45312160679212e-07,1.06503389991551e-05,5.19517679138966e-07,6.4426919825412e-06,1.82143160160762e-06,3.87159194700417e-06,-2.45312160679212e-07,1.82143160160762e-06,1.57889097155846e-06,1.14621746046735e-06,1.06503389991551e-05,3.87159194700417e-06,1.14621746046735e-06,7.10023463813901e-06],"inv_S":[152459.848425576,166155.491062261,72271.1853198242,-330957.207036401,166155.491062261,483686.211676357,-180980.134227799,-483759.415511082,72271.1853198242,-180980.134227799,974648.066837707,-167063.496596478,-330957.207036401,-483759.415511082,-167063.496596478,928028.007404559],"diff":[-0.000496353694708788,-0.00293641941277247,-0.000933058511547557,0.00383138549489419]}}
