{"description":{"TestName":"MPI-ESM-MR","variable":"hfls","neof1":3,"neof2":3,"TestPeriod":"1980-2005","nref":12,"ntest":1,"CommonSpace":"CCM"},"hotelling_res":{"T2":{"statistic":890.154682414999,"mu":9,"nu":1584,"p_value":0,"conf_int":[784.776430980179,1019.20736842173],"threshold_95":17.0584339832779,"threshold_99":21.8775081701157},"Ts2":{"statistic":14.880165631188,"conf_int":[12.920165631188,16.840165631188],"threshold_95":0.285155297269472,"threshold_99":0.365712781834495},"explvar.model.neof1":85.6008145528058,"explvar.model.neof2":85.5238949773947,"explvar.refmean.neof1":86.7939809315571,"explvar.refmean.neof2":86.7031824531173,"S":[79.7280220953867,1.27354824358152,8.20547987661894,44.3790607758336,-29.7200388476046,1.69447653687999,3.01116133388574,3.01502744793099,-24.2636518912954,1.27354824358152,14.1622021354454,8.6369953571215,3.1777663835129,9.89838274505986,0.462920198070483,-1.89279191488452,-0.0600103207518562,-2.77937631744349,8.20547987661894,8.6369953571215,10.6371252640745,4.37835172532122,4.3874248792362,2.88392912776422,-0.631699423627973,-0.17248832083598,-0.442314816183984,44.3790607758336,3.1777663835129,4.37835172532122,37.2988387607637,-15.251033192874,-0.337887544075763,3.09567608745606,1.26881058919895,-12.0780537831147,-29.7200388476046,9.89838274505986,4.3874248792362,-15.251033192874,20.1234718729986,-0.630100232862465,-2.36397888782194,-1.54407896894007,8.51960842220213,1.69447653687999,0.462920198070483,2.88392912776422,-0.337887544075763,-0.630100232862465,2.6137698778915,0.0568712515016786,0.218627898090008,1.2356511892719,3.01116133388574,-1.89279191488452,-0.631699423627973,3.09567608745606,-2.36397888782194,0.0568712515016786,1.01566846571232,0.0412076042210196,0.809854928239501,3.01502744793099,-0.0600103207518562,-0.17248832083598,1.26881058919895,-1.54407896894007,0.218627898090008,0.0412076042210196,0.393831372544584,-1.41140818845207,-24.2636518912954,-2.77937631744349,-0.442314816183984,-12.0780537831147,8.51960842220213,1.2356511892719,0.809854928239501,-1.41140818845207,13.2412912051416],"inv_S":[0.693545911569021,-0.168555098100597,-1.0008172436344,0.0808118317675227,0.819886387675685,0.540214056878803,-2.02361228531561,0.0596857513956281,0.827962917764102,-0.168555098100597,1.47426398105501,0.20048158504767,-0.211094893394371,-1.92444633391208,-1.51118418000039,-1.47047195450058,0.536940626345037,1.34113580571351,-1.0008172436344,0.20048158504767,2.25247855095112,-0.0454742621282017,-1.88577502305652,-2.5108806171529,0.599863040468441,2.45804687531834,-0.0851171180731176,0.0808118317675228,-0.211094893394371,-0.0454742621282019,0.249669442268987,0.0889950213146454,-0.174805231818869,-1.62308551727098,0.861331641427475,0.480121977295913,0.819886387675686,-1.92444633391208,-1.88577502305652,0.0889950213146454,4.09279636241734,4.29790133868544,3.99258995594733,-3.54040785286876,-2.53937854458232,0.540214056878804,-1.51118418000039,-2.5108806171529,-0.174805231818869,4.29790133868544,6.58586752150557,7.91048173231852,-7.83743892396744,-4.26974447432277,-2.02361228531561,-1.47047195450058,0.599863040468439,-1.62308551727098,3.99258995594734,7.91048173231852,28.5823987189565,-14.1013941681308,-12.0355274428046,0.0596857513956265,0.536940626345037,2.45804687531834,0.861331641427475,-3.54040785286876,-7.83743892396744,-14.1013941681308,16.4928878342974,6.71962448452487,0.827962917764101,1.34113580571351,-0.0851171180731157,0.480121977295913,-2.53937854458232,-4.26974447432277,-12.0355274428046,6.71962448452487,5.79398219804131],"diff":[-9.93489018107068,4.74972963709137,-9.80011017620933,5.17550423795578,11.9623567728764,-2.81149971988684,-1.84798251793358,0.273774922425238,7.65541498423378]}}
