{"description":{"TestName":"CESM1-WACCM","variable":"tauv","neof1":2,"neof2":2,"TestPeriod":"1980-2005","nref":8,"ntest":1,"CommonSpace":"CCM"},"hotelling_res":{"T2":{"statistic":4.09191849739618,"mu":4,"nu":448,"p_value":1.33626443243884e-12,"conf_int":[1.256304628307,20.0212817041846],"threshold_95":9.63242917312144,"threshold_99":13.5368355379219},"Ts2":{"statistic":0.828933969026994,"conf_int":[-1.13106603097301,2.78893396902699],"threshold_95":1.95132130586859,"threshold_99":2.74226938235834},"explvar.model.neof1":89.347226748267,"explvar.model.neof2":89.1526703137186,"explvar.refmean.neof1":89.6700120760062,"explvar.refmean.neof2":89.4825469165464,"S":[3.17413659111435e-05,-9.03799911899139e-07,1.04301892847348e-07,-1.15821133688224e-05,-9.03799911899139e-07,7.88040468355955e-06,-1.84423432031329e-06,4.45656887882079e-06,1.04301892847348e-07,-1.84423432031329e-06,1.77186390944153e-06,-1.23274185478786e-06,-1.15821133688224e-05,4.45656887882079e-06,-1.23274185478786e-06,7.44262302005993e-06],"inv_S":[153291.571975177,-164363.420851982,61417.5734650972,347142.301545201,-164363.420851982,401894.323630062,93360.7938570735,-480966.957674409,61417.5734650972,93360.7938570735,774826.158733388,168010.273124162,347142.301545201,-480966.957674409,168010.273124162,990405.821008313],"diff":[-0.0018645278023195,-0.00296764012236872,0.00260117886934863,-0.00158942185916216]}}
