{"description":{"TestName":"MPI-ESM-MR","variable":"hfss","neof1":2,"neof2":2,"TestPeriod":"1980-2005","nref":12,"ntest":1,"CommonSpace":"CCM"},"hotelling_res":{"T2":{"statistic":171.714611906095,"mu":4,"nu":1584,"p_value":0,"conf_int":[126.956639261187,230.139009156615],"threshold_95":9.5282719459127,"threshold_99":13.349435656066},"Ts2":{"statistic":6.51416990449756,"conf_int":[4.55416990449756,8.47416990449756],"threshold_95":0.361464767983031,"threshold_99":0.506424532120351},"explvar.model.neof1":84.5372641847571,"explvar.model.neof2":84.4881390698837,"explvar.refmean.neof1":87.3742957637784,"explvar.refmean.neof2":87.2518563602179,"S":[6.35913539430488,-0.897894655444125,0.962923777658698,1.5721531829311,-0.897894655444125,0.623636278115462,-0.314472606165105,-0.107344708696007,0.962923777658698,-0.314472606165105,0.536896932291422,0.164448941214067,1.5721531829311,-0.107344708696007,0.164448941214067,0.527024453924832],"inv_S":[1.00112459993989,0.693766173616976,-0.572422405381503,-2.66650784330455,0.693766173616976,2.7577017625643,0.920839857543105,-1.79519780959642,-0.572422405381503,0.920839857543105,3.14904661416685,0.912529974179069,-2.66650784330455,-1.79519780959642,0.912529974179069,9.20145010927894],"diff":[-0.915887359378035,0.301163044942678,0.161034538366006,-4.53510832273198]}}
