{"description":{"TestName":"MIROC5","variable":"hfls","neof1":3,"neof2":3,"TestPeriod":"1980-2005","nref":12,"ntest":1,"CommonSpace":"CCM"},"hotelling_res":{"T2":{"statistic":325.451958269483,"mu":9,"nu":1584,"p_value":0,"conf_int":[266.131390889157,408.432378630567],"threshold_95":17.0584339832779,"threshold_99":21.8775081701156},"Ts2":{"statistic":8.95842244539359,"conf_int":[6.99842244539359,10.9184224453936],"threshold_95":0.469552122812932,"threshold_99":0.602202430375799},"explvar.model.neof1":84.0381877358622,"explvar.model.neof2":83.9630898481559,"explvar.refmean.neof1":85.7141450839824,"explvar.refmean.neof2":85.6167675609204,"S":[80.9423233799355,0.416672946224323,7.18475250661502,41.3358460639526,-34.7200277636686,3.13279466479286,1.35336069461691,1.50279993981943,-24.461520179702,0.416672946224323,16.7132051415868,8.54256924276632,2.00641149322495,14.0542906187418,-4.09476379656373,-2.82284076916062,-1.51251910327249,-1.052951084155,7.18475250661502,8.54256924276632,8.04444149907121,3.42054529317125,4.91032845945321,0.201321097714101,-1.13965757576142,-0.548828798990573,-0.25139773320597,41.3358460639526,2.00641149322495,3.42054529317125,32.5137414338324,-16.328190817891,-0.409537728711544,0.88086215355302,0.596046251862859,-10.4984934129549,-34.7200277636686,14.0542906187418,4.91032845945321,-16.328190817891,28.2402305534411,-5.13775241916414,-2.83460044598816,-2.1540675385289,10.9047931143858,3.13279466479286,-4.09476379656373,0.201321097714101,-0.409537728711544,-5.13775241916414,3.85791782020137,1.21690859368608,1.0023246886639,1.14642822474838,1.35336069461691,-2.82284076916062,-1.13965757576142,0.88086215355302,-2.83460044598816,1.21690859368608,1.03228021640981,0.560603644256358,0.920476435246689,1.50279993981943,-1.51251910327249,-0.548828798990573,0.596046251862859,-2.1540675385289,1.0023246886639,0.560603644256358,0.505347213678087,-0.0199722054856639,-24.461520179702,-1.052951084155,-0.25139773320597,-10.4984934129549,10.9047931143858,1.14642822474838,0.920476435246689,-0.0199722054856639,12.3125468990999],"inv_S":[0.882704511297751,-0.40807878243108,-1.15877864055013,-0.144372048177776,0.915696112504766,0.353795653476754,-3.21407569034277,1.87079833487107,0.971396975337492,-0.408078782431083,1.87631782145275,0.173069534532222,-0.46929890348953,-2.5637890107324,-1.43270511487249,-0.159352547268008,-0.284822877459826,1.36861167301667,-1.15877864055013,0.173069534532217,2.46144548619421,-0.0149395248759527,-1.61227102690102,-1.88217316778436,3.63329052641426,-0.551275769227241,-0.919176527410535,-0.144372048177775,-0.469298903489529,-0.0149395248759538,0.365293080060189,0.879060389670819,1.01864748538166,1.33417459884899,-1.21497815846025,-0.990904433654363,0.915696112504769,-2.56378901073239,-1.61227102690103,0.879060389670819,4.91342464887691,4.08354162536953,0.999870402546451,-1.54786185116398,-2.49252858246908,0.353795653476756,-1.43270511487249,-1.88217316778436,1.01864748538166,4.08354162536953,5.4203147970026,3.11753763369514,-5.50551796239302,-2.95282974921361,-3.21407569034277,-0.159352547268018,3.63329052641426,1.33417459884899,0.999870402546461,3.11753763369516,22.3124002146981,-15.5386221097532,-8.05637830658866,1.87079833487107,-0.284822877459825,-0.551275769227245,-1.21497815846025,-1.54786185116398,-5.50551796239302,-15.5386221097532,18.1830519810696,5.719817609401,0.97139697533749,1.36861167301667,-0.91917652741053,-0.990904433654365,-2.49252858246908,-2.95282974921362,-8.05637830658865,5.719817609401,4.3585218706224],"diff":[-16.9841525224384,-3.62159162071282,-10.0407968289381,-2.83475869345432,9.13304638367786,0.239524728903414,2.33620842293615,2.41902987180468,10.9452056453667]}}
