{"description":{"TestName":"MIROC5","variable":"hfss","neof1":2,"neof2":2,"TestPeriod":"1980-2005","nref":12,"ntest":1,"CommonSpace":"CCM"},"hotelling_res":{"T2":{"statistic":145.562590626897,"mu":4,"nu":1584,"p_value":0,"conf_int":[104.856826461001,199.931827957664],"threshold_95":9.52827194591271,"threshold_99":13.349435656066},"Ts2":{"statistic":5.99144593917514,"conf_int":[4.03144593917514,7.95144593917514],"threshold_95":0.392189545485777,"threshold_99":0.549470998746002},"explvar.model.neof1":82.1162601120859,"explvar.model.neof2":81.7787363928177,"explvar.refmean.neof1":88.2653125425473,"explvar.refmean.neof2":87.8290742450512,"S":[6.98541821087377,-1.16732857779512,0.95513097525374,1.19927758684966,-1.16732857779512,1.55688689625111,-0.133271620729459,0.219076771611756,0.95513097525374,-0.133271620729459,0.426491221889288,0.245275766486295,1.19927758684966,0.219076771611756,0.245275766486295,0.439336396105378],"inv_S":[0.642623549663456,0.795763246301097,0.0685660704110753,-2.18929018142265,0.795763246301097,1.80369070610233,0.807178068616891,-3.52228724001829,0.0685660704110754,0.807178068616891,4.0983860497568,-2.87774586346438,-2.18929018142265,-3.52228724001829,-2.87774586346438,11.6153802202007],"diff":[1.16633655154165,5.0383848308899,0.755703217877075,-1.33804662996874]}}
