{"description":{"TestName":"MRI-CGCM3","variable":"hfls","neof1":3,"neof2":3,"TestPeriod":"1980-2005","nref":12,"ntest":1,"CommonSpace":"CCM"},"hotelling_res":{"T2":{"statistic":1051.68758567569,"mu":9,"nu":1584,"p_value":0,"conf_int":[936.161607145196,1190.88929793961],"threshold_95":17.058433983278,"threshold_99":21.8775081701157},"Ts2":{"statistic":16.180287067959,"conf_int":[14.220287067959,18.140287067959],"threshold_95":0.262445200018153,"threshold_99":0.336586993462192},"explvar.model.neof1":84.7674816109978,"explvar.model.neof2":84.3972589560223,"explvar.refmean.neof1":86.4750486980425,"explvar.refmean.neof2":86.1221370959169,"S":[94.0018365167771,5.27205058309786,-3.33700096385226,41.1315464871805,-32.4403295960216,5.05217017289818,-2.32666834080636,6.2929563627518,26.3982378420605,5.27205058309786,18.9622217816361,-7.75880194731467,4.12825921840382,10.2033847433006,2.74717036288218,-1.71109461573509,-3.26766974014228,4.25010869331796,-3.33700096385226,-7.75880194731467,8.49534712805773,-0.656349173190104,-4.07040632010932,1.47264562183447,0.0464851058997507,1.91318477589362,1.07922750847514,41.1315464871805,4.12825921840382,-0.656349173190104,28.3174972032617,-11.8500053677859,3.56513307491621,-0.662667892744507,2.3815334314585,10.2065899414634,-32.4403295960216,10.2033847433006,-4.07040632010932,-11.8500053677859,21.5128522881964,1.03478796234815,0.465123962201151,-5.01027481671297,-9.26157666799777,5.05217017289818,2.74717036288218,1.47264562183447,3.56513307491621,1.03478796234815,2.93883437590334,-0.480026522089218,-0.229082464887224,3.0781865681765,-2.32666834080636,-1.71109461573509,0.0464851058997507,-0.662667892744507,0.465123962201151,-0.480026522089218,0.81695956137179,0.0315670097586103,-2.67137924002128,6.2929563627518,-3.26766974014228,1.91318477589362,2.3815334314585,-5.01027481671297,-0.229082464887224,0.0315670097586103,1.53952328716323,1.65015452878276,26.3982378420605,4.25010869331796,1.07922750847514,10.2065899414634,-9.26157666799777,3.0781865681765,-2.67137924002128,1.65015452878276,13.9242182054119],"inv_S":[0.928758867867712,-0.502202560116623,1.7336064497928,-0.089189762630227,1.96117092805506,-3.3705839937591,0.867295485767685,-1.82573130182162,0.755850030606772,-0.502202560116623,0.723416052940745,-0.664312532401164,-0.0450748484356679,-1.52543454353584,1.95145512350332,-0.748163677364368,0.749381424138029,-0.862556532138726,1.7336064497928,-0.664312532401164,4.01349841917062,-0.0856705947169563,3.723916341997,-7.4546313032175,3.42261464896456,-4.54209262244207,1.9876527709861,-0.0891897626302271,-0.0450748484356677,-0.0856705947169566,0.127254509647391,0.0192908682550693,-0.0412834248231436,0.220670304235773,0.0671105932845465,0.152550194521216,1.96117092805506,-1.52543454353584,3.723916341997,0.0192908682550696,5.39464837117286,-8.5593006401355,4.63153444214996,-3.13849541634224,3.18564529426576,-3.3705839937591,1.95145512350332,-7.4546313032175,-0.0412834248231441,-8.5593006401355,16.0349371784893,-9.33953257733581,7.93724685701038,-5.56785851701673,0.867295485767678,-0.748163677364363,3.42261464896455,0.220670304235773,4.63153444214995,-9.33953257733579,17.4711309596998,-4.04958362254068,7.13413292885463,-1.82573130182163,0.749381424138031,-4.54209262244208,0.0671105932845463,-3.13849541634224,7.93724685701039,-4.0495836225407,8.54016235811969,-2.09578632938677,0.75585003060677,-0.862556532138724,1.9876527709861,0.152550194521217,3.18564529426575,-5.56785851701672,7.13413292885464,-2.09578632938676,3.60307874388174],"diff":[-16.1965351244755,13.7807685076729,18.7929205777435,-5.95617904307629,10.6620467327157,1.54997986989111,-4.84602936715864,-1.20118730849453,-5.18268198888645]}}
