{"description":{"TestName":"MPI-ESM-P","variable":"hfls","neof1":3,"neof2":3,"TestPeriod":"1980-2005","nref":12,"ntest":1,"CommonSpace":"CCM"},"hotelling_res":{"T2":{"statistic":1017.84596954173,"mu":9,"nu":1583.99999999995,"p_value":0,"conf_int":[904.377910102427,1154.98952457895],"threshold_95":17.0584339832778,"threshold_99":21.8775081701157},"Ts2":{"statistic":15.9167033091538,"conf_int":[13.9567033091538,17.8767033091538],"threshold_95":0.266753556781155,"threshold_99":0.342112477828154},"explvar.model.neof1":84.1867680216857,"explvar.model.neof2":84.074790376401,"explvar.refmean.neof1":86.3791141669065,"explvar.refmean.neof2":86.243575291381,"S":[79.7193943314695,1.69518001792514,-8.47979687005796,44.2137205366912,-29.9756244802432,-2.1632877815177,1.73778298414009,3.253561501587,23.8600537631222,1.69518001792514,14.7112294577488,-8.52391914198708,3.893305478231,8.85486499817852,0.205853153345144,-1.72102415070056,-0.632749238858173,2.79915130190398,-8.47979687005796,-8.52391914198708,9.88727435702224,-4.58682864696448,-3.23426913738501,2.44305379170613,0.684267876572679,0.342785509234901,-0.889866025026617,44.2137205366912,3.893305478231,-4.58682864696448,37.0401985562478,-15.4021933106918,0.307845063225387,1.98001022351833,1.32437411401554,11.8522383438834,-29.9756244802432,8.85486499817852,-3.23426913738501,-15.4021933106918,18.8711406294366,1.3500021769264,-1.59725130661193,-1.96465668799897,-8.72282028944567,-2.1632877815177,0.205853153345144,2.44305379170613,0.307845063225387,1.3500021769264,2.6281146567339,-0.108905979493912,-0.316919009140267,0.967416863460278,1.73778298414009,-1.72102415070056,0.684267876572679,1.98001022351833,-1.59725130661193,-0.108905979493912,0.765650964605669,0.105716441773696,-1.03130902750432,3.253561501587,-0.632749238858173,0.342785509234901,1.32437411401554,-1.96465668799897,-0.316919009140267,0.105716441773696,0.419059281054413,1.24250836216388,23.8600537631222,2.79915130190398,-0.889866025026617,11.8522383438834,-8.72282028944567,0.967416863460278,-1.03130902750432,1.24250836216388,12.5700905864321],"inv_S":[0.735836587301636,0.12727149400683,1.05926358161986,0.03868411144725,0.452983318345936,-0.21403754731392,-3.42372644367004,0.394865437563157,-1.37568072431332,0.12727149400682,1.98215303060428,-0.180374837560168,-0.301933476665979,-3.15381265954817,3.31094610332625,-6.53631295176839,3.57447166845582,-3.74400233273454,1.05926358161986,-0.180374837560152,2.51308621014499,0.131725844919186,2.12126442097647,-2.96109046771357,-0.971196372201134,-3.02503652651507,0.00245989938836475,0.0386841114472508,-0.301933476665979,0.131725844919188,0.198343382507394,0.433420998716593,-0.361186505196631,-0.411371392635996,0.0606672261396922,0.104931514829458,0.452983318345956,-3.15381265954816,2.1212644209765,0.433420998716592,6.81138400492705,-7.93713407854947,12.2867396763582,-8.67650044184517,6.78718024398611,-0.214037547313941,3.31094610332624,-2.9610904677136,-0.361186505196629,-7.93713407854947,11.256531568759,-18.1513193143537,14.1649059178025,-9.46362178663541,-3.42372644367,-6.53631295176842,-0.971196372201054,-0.411371392635995,12.2867396763583,-18.1513193143538,57.9478806617343,-28.2702465168703,25.7453170703391,0.394865437563132,3.57447166845582,-3.02503652651511,0.0606672261396941,-8.67650044184519,14.1649059178026,-28.2702465168702,24.776912018887,-13.6964582576162,-1.3756807243133,-3.74400233273455,0.00245989938840532,0.104931514829459,6.78718024398615,-9.46362178663546,25.7453170703391,-13.6964582576162,12.3300880222406],"diff":[-8.9165533472067,3.27709990313773,8.27540728830374,3.98040756686475,10.7449796006539,2.266905753274,-1.29888797178219,0.717251324267513,-7.81528531234994]}}
