{"description":{"TestName":"CNRM-CM5-2","variable":"hfss","neof1":2,"neof2":2,"TestPeriod":"1980-2005","nref":12,"ntest":1,"CommonSpace":"CCM"},"hotelling_res":{"T2":{"statistic":29.0424331381027,"mu":4,"nu":1584,"p_value":0,"conf_int":[14.1640685212574,57.5078901417907],"threshold_95":9.52827194591268,"threshold_99":13.349435656066},"Ts2":{"statistic":2.60630432877835,"conf_int":[0.64630432877835,4.56630432877835],"threshold_95":0.855079059675227,"threshold_99":1.19799507746842},"explvar.model.neof1":87.1516015568143,"explvar.model.neof2":87.000544818477,"explvar.refmean.neof1":89.3320385242202,"explvar.refmean.neof2":89.1850973871323,"S":[6.87998496819727,2.08266929468417,0.411489419939797,-1.30075835759303,2.08266929468417,2.57936109205555,0.0397664871149303,-0.0165147178508145,0.411489419939797,0.0397664871149303,0.239192224767974,-0.134065443203446,-1.30075835759303,-0.0165147178508145,-0.134065443203446,0.379844243253466],"inv_S":[1.24254248788674,-0.982647351240367,0.482127425039642,4.38247002163516,-0.982647351240367,1.16581862689578,-0.450035899357287,-3.47318111236614,0.482127425039642,-0.450035899357287,5.41098675090173,3.5412551919986,4.38247002163516,-3.47318111236614,3.5412551919986,18.7390910212884],"diff":[-1.97097260819699,-3.14648498325954,0.207050693646061,0.991929672570281]}}
