{"description":{"TestName":"GFDL-CM3","variable":"tauv","neof1":2,"neof2":2,"TestPeriod":"1980-2005","nref":8,"ntest":1,"CommonSpace":"CCM"},"hotelling_res":{"T2":{"statistic":45.4140123792749,"mu":4,"nu":448,"p_value":0,"conf_int":[25.3711433052047,79.0780365132354],"threshold_95":9.63242917312144,"threshold_99":13.5368355379219},"Ts2":{"statistic":3.29766491723619,"conf_int":[1.33766491723619,5.25766491723619],"threshold_95":0.699443235420023,"threshold_99":0.982955376657559},"explvar.model.neof1":88.3037466239679,"explvar.model.neof2":88.1316854050839,"explvar.refmean.neof1":89.5537261973292,"explvar.refmean.neof2":89.4054862066223,"S":[3.10304954723107e-05,2.56857018269229e-06,6.60099154069291e-07,1.11757204328087e-05,2.56857018269229e-06,7.01618754001264e-06,2.40487107878484e-06,-1.11699670184574e-06,6.60099154069291e-07,2.40487107878484e-06,1.92251236514111e-06,-7.8558050596047e-07,1.11757204328087e-05,-1.11699670184574e-06,-7.8558050596047e-07,5.62080388309559e-06],"inv_S":[197854.479555088,-100441.660413852,-117930.162788272,-429832.287426715,-100441.660413852,300706.833079996,-249917.530909438,224534.807339668,-117930.162788272,-249917.530909438,1006252.07661314,325449.797871287,-429832.287426715,224534.807339668,325449.797871287,1122643.17785179],"diff":[-0.0150846716221569,0.0135935553244677,0.005136535451933,-0.0122173829483886]}}
