{"description":{"TestName":"IPSL-CM5A-MR","variable":"hfls","neof1":3,"neof2":3,"TestPeriod":"1980-2005","nref":12,"ntest":1,"CommonSpace":"CCM"},"hotelling_res":{"T2":{"statistic":481.423774076542,"mu":9,"nu":1584,"p_value":0,"conf_int":[406.891901035258,579.622925154742],"threshold_95":17.0584339832779,"threshold_99":21.8775081701156},"Ts2":{"statistic":10.9197693116588,"conf_int":[8.95976931165876,12.8797693116588],"threshold_95":0.386923483936501,"threshold_99":0.496230878480899},"explvar.model.neof1":83.4028641443176,"explvar.model.neof2":83.2739407688965,"explvar.refmean.neof1":85.0406771650265,"explvar.refmean.neof2":84.9069090894102,"S":[79.478614417845,3.8181968824736,-8.6949902688704,45.783798279115,-29.5667555287432,-3.51761322785289,2.15529182990218,2.7005672547873,23.7642143250009,3.8181968824736,9.52590673676274,-6.52550532256046,3.11700387450077,8.38303045936886,2.02044016553188,-0.251405368973392,-0.118048365214318,2.12102400184219,-8.6949902688704,-6.52550532256046,9.14812588943237,-5.01155330400136,-4.8292494068291,1.09065357537869,-0.401300647588566,0.12026287709423,-0.0722776229976616,45.783798279115,3.11700387450077,-5.01155330400136,39.1021516543609,-15.2986901495312,-1.59823648033203,2.62339380270097,1.2241728732829,12.0311860592688,-29.5667555287432,8.38303045936886,-4.8292494068291,-15.2986901495312,23.7738773253184,4.60953966682904,-0.841157608847761,-1.64617160288157,-9.19277871291329,-3.51761322785289,2.02044016553188,1.09065357537869,-1.59823648033203,4.60953966682904,4.47030809295718,-0.418786798467946,-0.499783849340397,1.35535663057445,2.15529182990218,-0.251405368973392,-0.401300647588566,2.62339380270097,-0.841157608847761,-0.418786798467946,0.616362037745796,0.0472981547234753,-0.84991691821677,2.7005672547873,-0.118048365214318,0.12026287709423,1.2241728732829,-1.64617160288157,-0.499783849340397,0.0472981547234753,0.286272621421352,0.906160223194027,23.7642143250009,2.12102400184219,-0.0722776229976616,12.0311860592688,-9.19277871291329,1.35535663057445,-0.84991691821677,0.906160223194027,12.7786685343637],"inv_S":[0.770516927089065,-0.119554164942154,1.13333632467433,-0.068778727037534,0.95556109177831,-0.706626101295667,-1.66515202004617,-1.00406418173236,-0.619090589863943,-0.119554164942155,1.12454588791933,-0.0284874720567736,0.156762490035803,-1.14589214885301,0.723917324520459,-2.44181067072099,-0.345115267916849,-1.1511278536753,1.13333632467433,-0.0284874720567703,2.18557555283867,-0.209643797780331,1.74151763818822,-1.77866247612171,-0.700686735174137,-2.73696013501491,-0.304216813123726,-0.0687787270375359,0.156762490035802,-0.209643797780334,0.28619416314837,-0.421459881086306,0.578337268414955,-2.34835620737934,0.946805348653685,-0.75661545178109,0.955561091778313,-1.145892148853,1.74151763818823,-0.421459881086304,2.68341400204398,-2.41677297940602,3.17443860308205,-2.04220551554978,1.36250783862682,-0.706626101295672,0.723917324520456,-1.77866247612171,0.578337268414954,-2.41677297940602,3.06467437814978,-5.22417556025549,4.07850444731368,-2.06094650932374,-1.66515202004616,-2.44181067072098,-0.700686735174111,-2.34835620737934,3.17443860308207,-5.22417556025551,32.7221758414903,-6.67590864077764,11.1964827125658,-1.00406418173237,-0.345115267916853,-2.73696013501492,0.946805348653683,-2.04220551554978,4.07850444731368,-6.67590864077758,13.6778933870667,-2.29804224805917,-0.61909058986394,-1.1511278536753,-0.304216813123722,-0.756615451781091,1.36250783862682,-2.06094650932374,11.1964827125658,-2.29804224805919,4.23767072938915],"diff":[-2.55672494310695,4.91066436249885,9.42814440343524,6.49696865196257,7.85745410483674,-0.776146844878518,-0.548712884770722,-0.00390540239503467,-0.223941324511845]}}
