{"description":{"TestName":"MRI-ESM1","variable":"tauu","neof1":2,"neof2":2,"TestPeriod":"1980-2005","nref":9,"ntest":1,"CommonSpace":"CCM"},"hotelling_res":{"T2":{"statistic":208.973088144543,"mu":4,"nu":647.999999999995,"p_value":0,"conf_int":[158.938207463263,272.677325956555],"threshold_95":9.58736439446426,"threshold_99":13.4556581611028},"Ts2":{"statistic":7.19360910650427,"conf_int":[5.23360910650427,9.15360910650427],"threshold_95":0.330031739626153,"threshold_99":0.463192394490369},"explvar.model.neof1":85.3053728440399,"explvar.model.neof2":84.9965352759692,"explvar.refmean.neof1":85.3237517562431,"explvar.refmean.neof2":85.0474623764718,"S":[8.19111879252877e-05,-8.15874156942976e-06,1.5345891799832e-05,-2.93743816258724e-05,-8.15874156942976e-06,7.98010280333903e-06,-3.51777716781351e-06,2.58650636790165e-06,1.5345891799832e-05,-3.51777716781351e-06,4.6535750850459e-06,-4.14213458266261e-06,-2.93743816258724e-05,2.58650636790165e-06,-4.14213458266261e-06,1.2822014328411e-05],"inv_S":[324150.479007363,-153524.203499233,-696790.369869641,548479.477289558,-153524.203499233,261803.99576031,482989.228281018,-248496.825650423,-696790.369869641,482989.228281018,1923186.9123961,-1072447.86828314,548479.477289558,-248496.825650423,-1072447.86828314,1038195.74347192],"diff":[-0.0303705470844098,0.016368259208878,-0.000624579552372303,0.00901557271527743]}}
