{"description":{"TestName":"NorESM1-M","variable":"hfss","neof1":2,"neof2":2,"TestPeriod":"1980-2005","nref":12,"ntest":1,"CommonSpace":"CCM"},"hotelling_res":{"T2":{"statistic":100.462658659059,"mu":4,"nu":1584,"p_value":0,"conf_int":[67.7066136716109,146.873498253654],"threshold_95":9.5282719459127,"threshold_99":13.349435656066},"Ts2":{"statistic":4.96240106378188,"conf_int":[3.00240106378188,6.92240106378188],"threshold_95":0.470653549005362,"threshold_99":0.659401757675626},"explvar.model.neof1":81.4716706737265,"explvar.model.neof2":81.3462818988864,"explvar.refmean.neof1":87.3902744937851,"explvar.refmean.neof2":87.226893919575,"S":[6.69452287296186,-1.28013081725507,0.778301025691139,1.34824029698675,-1.28013081725507,1.17452972972708,-0.233261420009758,-0.0765425031135603,0.778301025691139,-0.233261420009758,0.408886079451454,0.173668256760282,1.34824029698675,-0.0765425031135603,0.173668256760282,0.388563792055975],"inv_S":[0.886022505827458,0.774502530650398,-0.00457114941186312,-2.91971368324717,0.774502530650398,1.63869998099972,0.573859525723368,-2.62105355110948,-0.00457114941186305,0.573859525723369,3.36597501246723,-1.3755150924145,-2.91971368324717,-2.62105355110948,-1.3755150924145,12.802883474411],"diff":[-1.18805528793294,3.1699779031212,-0.0903745042458159,-2.29211723503609]}}
