{"description":{"TestName":"HadGEM2-CC","variable":"tauv","neof1":2,"neof2":2,"TestPeriod":"1980-2005","nref":8,"ntest":1,"CommonSpace":"CCM"},"hotelling_res":{"T2":{"statistic":27.6491562646157,"mu":4,"nu":448,"p_value":0,"conf_int":[13.2677129927318,55.612976103142],"threshold_95":9.63242917312144,"threshold_99":13.5368355379219},"Ts2":{"statistic":2.5389007146292,"conf_int":[0.578900714629201,4.4989007146292],"threshold_95":0.884503710608729,"threshold_99":1.2430282172853},"explvar.model.neof1":88.6245792263701,"explvar.model.neof2":88.44852337551,"explvar.refmean.neof1":90.4664390071599,"explvar.refmean.neof2":90.3029311941174,"S":[3.35602193201838e-05,-2.90378278346112e-07,3.20021822238475e-07,-1.28934553844307e-05,-2.90378278346112e-07,8.28434672651142e-06,-2.5042073213591e-06,3.73774227763264e-06,3.20021822238475e-07,-2.5042073213591e-06,1.74887513417325e-06,-1.17572852990849e-06,-1.28934553844307e-05,3.73774227763264e-06,-1.17572852990849e-06,7.42308599871475e-06],"inv_S":[194542.501924363,-196081.06614025,-25542.3900247589,432595.640623701,-196081.06614025,443793.874693481,326968.839658494,-512256.359886975,-25542.390024759,326968.839658494,1011893.97143302,-48732.0651090977,432595.640623701,-512256.359886974,-48732.0651090975,1136325.13046555],"diff":[0.0185211660422073,-0.00995333623480438,0.00360901168222042,-0.0136071109521553]}}
