{"description":{"TestName":"NorESM1-ME","variable":"tauu","neof1":2,"neof2":2,"TestPeriod":"1980-2005","nref":9,"ntest":1,"CommonSpace":"CCM"},"hotelling_res":{"T2":{"statistic":193.337027608666,"mu":4,"nu":647.999999999993,"p_value":0,"conf_int":[145.454710207674,254.88760868614],"threshold_95":9.58736439446422,"threshold_99":13.4556581611029},"Ts2":{"statistic":6.91660149634709,"conf_int":[4.95660149634709,8.87660149634709],"threshold_95":0.34298644050222,"threshold_99":0.481374036430295},"explvar.model.neof1":83.6849891326303,"explvar.model.neof2":83.4469687075852,"explvar.refmean.neof1":83.8059070269091,"explvar.refmean.neof2":83.5131176373507,"S":[7.42977643958883e-05,1.78747062619142e-05,1.02186998567903e-05,3.1101924493507e-05,1.78747062619142e-05,1.13357713462836e-05,4.81272556836746e-06,8.605947128993e-06,1.02186998567903e-05,4.81272556836746e-06,3.27087538205542e-06,4.29133564472425e-06,3.1101924493507e-05,8.605947128993e-06,4.29133564472425e-06,1.35136489847101e-05],"inv_S":[851702.271820042,547108.746476333,-749046.01353946,-2070762.74286105,547108.746476334,630139.473745909,-784938.768669829,-1411213.67161833,-749046.01353946,-784938.768669829,1513945.43340524,1743057.41713788,-2070762.74286105,-1411213.67161833,1743057.41713788,5185090.44984119],"diff":[-0.00895756946229212,0.0102007412372696,-0.000201518675232886,-0.00631626523994344]}}
