{"description":{"TestName":"FGOALS-s2","variable":"hfls","neof1":3,"neof2":3,"TestPeriod":"1980-2005","nref":12,"ntest":1,"CommonSpace":"CCM"},"hotelling_res":{"T2":{"statistic":367.956074342649,"mu":9,"nu":1584,"p_value":0,"conf_int":[304.186436023522,455.388207834181],"threshold_95":17.0584339832779,"threshold_99":21.8775081701157},"Ts2":{"statistic":9.53297491827702,"conf_int":[7.57297491827702,11.492974918277],"threshold_95":0.441948467893044,"threshold_99":0.566800635191851},"explvar.model.neof1":84.3808784454914,"explvar.model.neof2":84.3117200395497,"explvar.refmean.neof1":85.2202061720916,"explvar.refmean.neof2":85.1287081828519,"S":[76.4286003698937,3.60275473311552,-9.85813941649404,45.0814458683196,-27.8013844572374,-4.34293230073476,2.33864924391764,2.60422384131473,23.5233634720435,3.60275473311552,12.3762338281805,-6.00795264549997,4.24756227610191,11.8852136144076,3.63318694418403,-1.32096431275598,-0.91563997796923,2.74321790409221,-9.85813941649404,-6.00795264549997,7.98302268590021,-5.16935793553544,-3.43468641311709,1.36546949332395,-0.130492806399146,0.161552325872191,-0.196437273684398,45.0814458683196,4.24756227610191,-5.16935793553544,39.7294594889052,-14.1097537569375,-1.62960012566255,2.32744046548469,1.66842507592749,12.4393470616132,-27.8013844572374,11.8852136144076,-3.43468641311709,-14.1097537569375,26.2247912101577,6.6190635438201,-2.17936079543451,-2.3820496521785,-8.23698993061529,-4.34293230073476,3.63318694418403,1.36546949332395,-1.62960012566255,6.6190635438201,5.34911506502097,-1.19747999305514,-1.07442875335313,1.81688552499374,2.33864924391764,-1.32096431275598,-0.130492806399146,2.32744046548469,-2.17936079543451,-1.19747999305514,0.87698381044335,0.307747634370432,-1.10032207060368,2.60422384131473,-0.91563997796923,0.161552325872191,1.66842507592749,-2.3820496521785,-1.07442875335313,0.307747634370432,0.496101703184715,0.642462622647164,23.5233634720435,2.74321790409221,-0.196437273684398,12.4393470616132,-8.23698993061529,1.81688552499374,-1.10032207060368,0.642462622647164,13.4143793918651],"inv_S":[1.04855503403601,1.5213065155302,1.20301959342165,-0.156531005172639,-1.35365211092431,1.55844693119671,-7.21327589186234,3.70772577695902,-3.79860252569812,1.5213065155302,12.2101650408254,0.686228402877692,-0.486805915873434,-14.3335918524565,14.1832889547341,-32.7094695487956,23.0280052598633,-19.2115998390785,1.20301959342165,0.686228402877691,2.03468624508192,-0.133518203803129,0.191454829766073,-0.391792966886174,-4.85667173108584,0.886086837282132,-2.36651276009949,-0.156531005172641,-0.486805915873441,-0.13351820380313,0.129269534574676,0.470891238363989,-0.503888043621051,1.04837897604526,-0.905684941847483,0.738979427761415,-1.35365211092432,-14.3335918524565,0.191454829766069,0.47089123836398,17.5890096908213,-17.7046437620552,38.452263677148,-27.9567520240615,22.5624672006509,1.55844693119672,14.1832889547341,-0.391792966886171,-0.503888043621041,-17.7046437620552,18.7745037211664,-39.7296298046549,30.2837903762501,-23.29532880618,-7.21327589186234,-32.7094695487955,-4.85667173108583,1.04837897604524,38.4522636771479,-39.7296298046549,108.148361982566,-70.0211288391122,59.5117816639509,3.70772577695903,23.0280052598633,0.886086837282142,-0.905684941847469,-27.9567520240615,30.2837903762501,-70.0211288391122,54.3668878807867,-39.9738939907822,-3.79860252569813,-19.2115998390785,-2.36651276009948,0.738979427761402,22.5624672006509,-23.29532880618,59.5117816639509,-39.9738939907822,33.7500399291813],"diff":[-12.9299878180209,1.1652903373797,6.01802291253238,6.55906015059771,11.1893465281706,-1.43389300917746,0.65481174797117,-0.885120488840611,-12.5911745664967]}}
