{"description":{"TestName":"HadGEM2-AO","variable":"hfss","neof1":2,"neof2":2,"TestPeriod":"1980-2005","nref":12,"ntest":1,"CommonSpace":"CCM"},"hotelling_res":{"T2":{"statistic":45.5919417757584,"mu":4,"nu":1584,"p_value":0,"conf_int":[25.4983497764594,79.3069266134904],"threshold_95":9.52827194591271,"threshold_99":13.349435656066},"Ts2":{"statistic":3.30439062527793,"conf_int":[1.34439062527793,5.26439062527793],"threshold_95":0.690585468985521,"threshold_99":0.967533917542203},"explvar.model.neof1":87.3885101411182,"explvar.model.neof2":87.2085667333114,"explvar.refmean.neof1":88.7781260621332,"explvar.refmean.neof2":88.531611512465,"S":[6.34893183762953,-1.52773968987324,0.530738643949385,1.49548066417499,-1.52773968987324,1.33697158204128,-0.240538927836236,-0.224747226993909,0.530738643949385,-0.240538927836236,0.407818105839234,0.0804030447632098,1.49548066417499,-0.224747226993909,0.0804030447632098,0.470353324027576],"inv_S":[0.99912406223833,0.596380363688321,-0.391594043139394,-2.82479247400702,0.596380363688321,1.24414858645824,0.221796659098063,-1.33960886877352,-0.391594043139393,0.221796659098063,2.92472204786073,0.851089862931021,-2.82479247400702,-1.33960886877352,0.851089862931022,10.321855257134],"diff":[-2.00094440620682,0.016143209754989,-0.962120154994658,-2.49962988177711]}}
