{"description":{"TestName":"IPSL-CM5A-LR","variable":"hfss","neof1":2,"neof2":2,"TestPeriod":"1980-2005","nref":12,"ntest":1,"CommonSpace":"CCM"},"hotelling_res":{"T2":{"statistic":171.508695275702,"mu":4,"nu":1584,"p_value":0,"conf_int":[126.781386089496,229.902409332037],"threshold_95":9.52827194591271,"threshold_99":13.349435656066},"Ts2":{"statistic":6.5102179087065,"conf_int":[4.5502179087065,8.4702179087065],"threshold_95":0.361679193941688,"threshold_99":0.506724950239642},"explvar.model.neof1":83.2528133134625,"explvar.model.neof2":82.9630327425471,"explvar.refmean.neof1":86.4987008176136,"explvar.refmean.neof2":85.8404294116433,"S":[6.36851963099476,-1.30062139358017,0.987531554942247,1.05369161492402,-1.30062139358017,1.74246617195899,-0.307144611663249,0.233861381648012,0.987531554942247,-0.307144611663249,0.546393686585769,0.210296483909798,1.05369161492402,0.233861381648012,0.210296483909798,0.487017834111645],"inv_S":[0.483451191838348,0.508290176824497,-0.109773832004046,-1.24265030315273,0.508290176824497,1.32519621746452,0.592998170357023,-1.99212159776433,-0.109773832004046,0.592998170357023,2.85451214180372,-1.27984116423539,-1.24265030315273,-1.99212159776433,-1.27984116423539,6.25109882543369],"diff":[-2.47732340912698,5.17629328194492,0.138714469748381,-3.77587213775155]}}
