{"description":{"TestName":"HadGEM2-ES","variable":"tauv","neof1":2,"neof2":2,"TestPeriod":"1980-2005","nref":8,"ntest":1,"CommonSpace":"CCM"},"hotelling_res":{"T2":{"statistic":25.1920800231813,"mu":4,"nu":447.999999999999,"p_value":0,"conf_int":[11.7161971791845,52.2407870324033],"threshold_95":9.63242917312142,"threshold_99":13.5368355379219},"Ts2":{"statistic":2.41553211938521,"conf_int":[0.455532119385206,4.37553211938521],"threshold_95":0.923601466570748,"threshold_99":1.297973847598},"explvar.model.neof1":89.0676685543695,"explvar.model.neof2":88.918235545462,"explvar.refmean.neof1":90.7225570356741,"explvar.refmean.neof2":90.5863266807351,"S":[3.35089405946101e-05,-1.77529009700711e-07,4.0103833540088e-07,-1.28357215784001e-05,-1.77529009700711e-07,8.20949434923675e-06,-2.44391032164375e-06,3.76697807201491e-06,4.0103833540088e-07,-2.44391032164375e-06,1.81606663000929e-06,-1.26529397273208e-06,-1.28357215784001e-05,3.76697807201491e-06,-1.26529397273208e-06,7.50425322033815e-06],"inv_S":[187274.921129225,-187213.84728104,-5255.05903668921,413417.553765799,-187213.84728104,420946.742478074,269102.06249058,-486154.803533943,-5255.05903668921,269102.06249058,921851.874090952,11361.5005153326,413417.553765799,-486154.803533943,11361.5005153326,1086346.9687173],"diff":[0.0200325021801221,-0.00955427893619752,0.00301927522639771,-0.0133985178668834]}}
