{"description":{"TestName":"CESM1-FASTCHEM","variable":"tauv","neof1":2,"neof2":2,"TestPeriod":"1980-2005","nref":8,"ntest":1,"CommonSpace":"CCM"},"hotelling_res":{"T2":{"statistic":36.2214245451779,"mu":4,"nu":448,"p_value":0,"conf_int":[18.9429062895267,67.1056924581365],"threshold_95":9.63242917312144,"threshold_99":13.5368355379219},"Ts2":{"statistic":2.92942306145882,"conf_int":[0.969423061458825,4.88942306145882],"threshold_95":0.779026791793236,"threshold_99":1.09479731131235},"explvar.model.neof1":88.8333002179563,"explvar.model.neof2":88.7372116205496,"explvar.refmean.neof1":89.9758337739373,"explvar.refmean.neof2":89.8775103431363,"S":[3.12041481518955e-05,1.07066981954025e-06,4.2526653551825e-08,1.16249832848184e-05,1.07066981954025e-06,7.9504182302794e-06,2.43204698328654e-06,4.51646314989026e-06,4.2526653551825e-08,2.43204698328654e-06,1.71346233676218e-06,1.3460077660502e-06,1.16249832848184e-05,4.51646314989026e-06,1.3460077660502e-06,7.66939472940025e-06],"inv_S":[138224.435709464,141683.675666142,29688.1569904811,-298162.557191893,141683.675666142,433301.85034697,-289263.294013006,-419161.051748148,29688.1569904811,-289263.294013006,1038105.52437016,-56846.1311368355,-298162.557191893,-419161.051748148,-56846.1311368355,839150.382612733],"diff":[0.00825569284508451,-0.00193372611632686,0.00474511533995343,0.00420842220166597]}}
