{"description":{"TestName":"GISS-E2-H","variable":"tauv","neof1":2,"neof2":2,"TestPeriod":"1980-2005","nref":8,"ntest":1,"CommonSpace":"CCM"},"hotelling_res":{"T2":{"statistic":126.451780345395,"mu":4,"nu":448,"p_value":0,"conf_int":[88.9405211168111,177.623587523511],"threshold_95":9.63242917312144,"threshold_99":13.5368355379219},"Ts2":{"statistic":5.57859571118463,"conf_int":[3.61859571118463,7.53859571118463],"threshold_95":0.424947975636958,"threshold_99":0.597196278839208},"explvar.model.neof1":87.5298557003105,"explvar.model.neof2":87.4566029680382,"explvar.refmean.neof1":87.102842319963,"explvar.refmean.neof2":86.9999215367897,"S":[3.10097555155519e-05,-2.74113315454962e-06,1.28061606323593e-06,-1.02478176410312e-05,-2.74113315454962e-06,6.89650879022357e-06,-1.94904507844239e-06,4.3682497773844e-06,1.28061606323593e-06,-1.94904507844239e-06,1.48629824796438e-06,-1.74920002190369e-06,-1.02478176410312e-05,4.3682497773844e-06,-1.74920002190369e-06,6.70393338623965e-06],"inv_S":[90130.4957700801,-75010.3657702215,62988.1483798155,203087.30564731,-75010.3657702215,355315.72394848,177726.215003062,-299812.299237446,62988.1483798155,177726.215003062,1195839.26624931,292500.017043959,203087.30564731,-299812.299237446,292500.017043959,731286.759078776],"diff":[-0.00621856337429141,0.011432193837793,-0.00237669649766572,-0.00470710679698733]}}
