{"description":{"TestName":"FGOALS-g2","variable":"hfls","neof1":3,"neof2":3,"TestPeriod":"1980-2005","nref":12,"ntest":1,"CommonSpace":"CCM"},"hotelling_res":{"T2":{"statistic":328.99243981072,"mu":9,"nu":1583.99999999987,"p_value":0,"conf_int":[269.290718015105,412.354260498035],"threshold_95":17.0584339832776,"threshold_99":21.8775081701157},"Ts2":{"statistic":9.00767951288509,"conf_int":[7.04767951288509,10.9676795128851],"threshold_95":0.467053000979221,"threshold_99":0.598997296868905},"explvar.model.neof1":88.5267289281609,"explvar.model.neof2":88.3282622428569,"explvar.refmean.neof1":86.2444457689261,"explvar.refmean.neof2":86.0127838064108,"S":[79.2423848287367,2.42051937920448,9.7662308536816,45.0154364426326,-30.4282878845008,5.35364959659786,0.143033600970218,1.04828655903627,-24.6153700613349,2.42051937920448,16.371374447028,8.32508180090008,3.65139029576726,15.1094043262608,-3.75799808382977,-2.06266454862047,-2.5584625493244,-2.36022894725629,9.7662308536816,8.32508180090008,8.59529533366605,6.06001361910237,5.01695976361684,1.10649014514306,-0.559654981561461,-1.01010658276481,-0.80486434460705,45.0154364426326,3.65139029576726,6.06001361910237,38.0226923180151,-14.4356216637394,1.86527464566179,0.438703350320808,0.108527643970219,-12.5899858605609,-30.4282878845008,15.1094043262608,5.01695976361684,-14.4356216637394,29.3380411079609,-6.70411326439549,-1.79550286136528,-3.22800992613042,9.46507939266252,5.35364959659786,-3.75799808382977,1.10649014514306,1.86527464566179,-6.70411326439549,5.04922383324921,1.04697915304365,1.47113671373378,1.29750281947117,0.143033600970218,-2.06266454862047,-0.559654981561461,0.438703350320808,-1.79550286136528,1.04697915304365,0.810441391837592,0.573612120285063,1.65236964748466,1.04828655903627,-2.5584625493244,-1.01010658276481,0.108527643970219,-3.22800992613042,1.47113671373378,0.573612120285063,0.818321272873186,0.397091842310017,-24.6153700613349,-2.36022894725629,-0.80486434460705,-12.5899858605609,9.46507939266252,1.29750281947117,1.65236964748466,0.397091842310017,13.5901024883193],"inv_S":[0.500641151830807,-0.727662767596277,-0.950385057801609,-0.0761248781828927,1.38247471623176,1.37053598839192,0.637307813966025,-1.30390967733282,-0.479476085514207,-0.727662767596277,5.48461379655785,2.87351858936207,-0.0493692473517002,-8.50245735267655,-9.38554259132045,-15.7271333320461,12.0422122748665,8.1370884377379,-0.950385057801609,2.87351858936207,3.449225354181,0.0785511572572823,-5.64220707105259,-7.0306677954061,-9.27417149881495,9.14075556495247,4.51608717153261,-0.0761248781828926,-0.0493692473517018,0.0785511572572815,0.0989577938554087,-0.00131456460647919,-0.0281551597165418,-0.138456910035489,0.186538562677099,-0.0351418697342745,1.38247471623177,-8.50245735267655,-5.6422070710526,-0.00131456460648178,14.1603644356895,16.2078779595316,26.483628414464,-20.6918803398566,-13.3331068587104,1.37053598839192,-9.38554259132045,-7.0306677954061,-0.0281551597165449,16.2078779595316,20.0277194150047,32.8809083111763,-27.1304509315073,-15.995611075346,0.637307813966026,-15.7271333320461,-9.27417149881494,-0.138456910035495,26.483628414464,32.8809083111763,68.2349038664467,-48.9896324733751,-30.7038380285623,-1.30390967733282,12.0422122748665,9.14075556495247,0.186538562677103,-20.6918803398567,-27.1304509315073,-48.9896324733751,42.5386309088567,22.1588549703202,-0.479476085514209,8.1370884377379,4.51608717153262,-0.0351418697342718,-13.3331068587104,-15.995611075346,-30.7038380285623,22.1588549703202,14.7521747817135],"diff":[-11.4335310845985,-2.40137709604776,-7.96907997642133,3.41315820200245,7.23864421728144,1.12185369031001,-0.314389629823171,0.968151728255656,6.71572647230263]}}
