{"description":{"TestName":"CNRM-CM5","variable":"hfls","neof1":3,"neof2":3,"TestPeriod":"1980-2005","nref":12,"ntest":1,"CommonSpace":"CCM"},"hotelling_res":{"T2":{"statistic":1319.60973491473,"mu":9,"nu":1584,"p_value":0,"conf_int":[1188.83559799514,1474.06106074697],"threshold_95":17.0584339832779,"threshold_99":21.8775081701156},"Ts2":{"statistic":18.132326300072,"conf_int":[16.172326300072,20.092326300072],"threshold_95":0.234394369008667,"threshold_99":0.300611693197809},"explvar.model.neof1":85.6745285252543,"explvar.model.neof2":85.4793988070313,"explvar.refmean.neof1":86.4597441065109,"explvar.refmean.neof2":86.2422199526049,"S":[92.3817893909669,-10.0534979673096,-8.12920091340162,40.1536658076888,30.6657057809497,-4.06518394499576,1.36696571375024,-2.87143672367739,24.6231746058962,-10.0534979673096,22.5801110975581,12.7757007919303,-6.91800490353115,8.912425035595,-3.1055528457347,1.08190548090673,-1.79386637252671,-5.35593877954621,-8.12920091340162,12.7757007919303,12.3886299466323,-2.99607575396098,4.73028179033547,0.384612749180762,0.0845901076011735,-0.981980809945244,-0.195092903992082,40.1536658076888,-6.91800490353115,-2.99607575396098,27.6283155680021,10.5481897592803,-0.519402066337462,1.57515800278983,-0.887176549274036,9.60667398214845,30.6657057809497,8.912425035595,4.73028179033547,10.5481897592803,19.0619293321154,-4.39651713397128,0.532715246575035,-2.45187082114317,8.42372912167335,-4.06518394499576,-3.1055528457347,0.384612749180762,-0.519402066337462,-4.39651713397128,3.14195338534495,-0.334380204488968,0.841473855349619,0.611167698198549,1.36696571375024,1.08190548090673,0.0845901076011735,1.57515800278983,0.532715246575035,-0.334380204488968,0.786738565279986,-0.133560437556297,-1.40420680352018,-2.87143672367739,-1.79386637252671,-0.981980809945244,-0.887176549274036,-2.45187082114317,0.841473855349619,-0.133560437556297,0.516811041973825,-0.598520077767104,24.6231746058962,-5.35593877954621,-0.195092903992082,9.60667398214845,8.42372912167335,0.611167698198549,-1.40420680352018,-0.598520077767104,12.1244750110546],"inv_S":[0.514016162995639,0.53282572950911,0.48009583679225,-0.208564329000983,-1.61066933779939,-1.47981736371133,0.557236685101571,0.946817274079383,0.669370716949042,0.532825729509111,5.10868351751694,-0.860830707688626,-0.616171821528265,-9.05800957703564,-8.74218898169187,15.2684420024578,5.26312613660894,10.4110614521128,0.480095836792251,-0.860830707688622,1.13992302383885,-0.105516735520895,0.369191722874031,0.0564237859152382,-2.99977348307717,0.418443126343158,-1.83944422994756,-0.208564329000984,-0.616171821528268,-0.105516735520894,0.271408721990417,1.4190208431988,1.44797584732439,-2.42493902395878,-0.96676644389069,-1.45282427421524,-1.61066933779939,-9.05800957703565,0.369191722874042,1.4190208431988,17.810457372101,17.5242534722539,-27.5059845514886,-10.1615080244587,-18.793480085056,-1.47981736371134,-8.74218898169188,0.0564237859152474,1.44797584732439,17.5242534722539,18.4688690021735,-28.292228567698,-12.207760113213,-18.9885270333608,0.557236685101576,15.2684420024579,-2.99977348307719,-2.42493902395878,-27.5059845514887,-28.292228567698,57.6285242909591,17.9005893508732,35.5806544580531,0.946817274079386,5.26312613660898,0.418443126343147,-0.966766443890691,-10.1615080244588,-12.207760113213,17.9005893508732,14.3653005606664,11.6324384679032,0.669370716949047,10.4110614521128,-1.83944422994757,-1.45282427421524,-18.793480085056,-18.9885270333608,35.580654458053,11.6324384679032,23.1530129758774],"diff":[12.617097741317,15.946421723007,-9.33371149843618,4.97428767757011,16.7636851294107,5.08941775139412,3.04153644444988,-2.32365965895962,6.91357388313373]}}
