{"description":{"TestName":"IPSL-CM5A-LR","variable":"tauv","neof1":2,"neof2":2,"TestPeriod":"1980-2005","nref":8,"ntest":1,"CommonSpace":"CCM"},"hotelling_res":{"T2":{"statistic":62.8911303467606,"mu":4,"nu":448,"p_value":0,"conf_int":[38.2523921242688,101.168020618489],"threshold_95":9.63242917312144,"threshold_99":13.5368355379219},"Ts2":{"statistic":3.90361281549178,"conf_int":[1.94361281549178,5.86361281549178],"threshold_95":0.597878806712376,"threshold_99":0.840222848526975},"explvar.model.neof1":88.0637096562393,"explvar.model.neof2":87.9210626714759,"explvar.refmean.neof1":88.5959920987541,"explvar.refmean.neof2":88.4365301950004,"S":[3.15376780770353e-05,-1.46557149108196e-06,1.2434604267075e-07,1.16084509181771e-05,-1.46557149108196e-06,5.29216437246477e-06,2.06498683582881e-06,2.06496827892945e-06,1.2434604267075e-07,2.06498683582881e-06,1.62413031171345e-06,1.26984128598457e-06,1.16084509181771e-05,2.06496827892945e-06,1.26984128598457e-06,6.94091299081925e-06],"inv_S":[145238.375799823,137672.092751375,41753.034113596,-291503.551556144,137672.092751375,510360.807794,-420901.764017607,-305083.808991423,41753.034113596,-420901.764017607,1288699.06068543,-180377.211193217,-291503.551556144,-305083.808991423,-180377.211193217,755367.989118263],"diff":[0.00256063432036106,0.000514873906839778,0.000197292863814507,0.0103468127339973]}}
