{"description":{"TestName":"CESM1-WACCM","variable":"hfls","neof1":3,"neof2":3,"TestPeriod":"1980-2005","nref":12,"ntest":1,"CommonSpace":"CCM"},"hotelling_res":{"T2":{"statistic":193.471781765083,"mu":9,"nu":1583.99999999996,"p_value":0,"conf_int":[150.207977486391,260.379952073301],"threshold_95":17.0584339832779,"threshold_99":21.8775081701155},"Ts2":{"statistic":6.87521034350891,"conf_int":[4.91521034350891,8.83521034350891],"threshold_95":0.606188254927533,"threshold_99":0.777438803163619},"explvar.model.neof1":85.9227436422559,"explvar.model.neof2":85.7624318111309,"explvar.refmean.neof1":87.0961217859121,"explvar.refmean.neof2":86.9164935411643,"S":[87.4288667746028,1.95370373639406,-7.95548847488061,41.1574683648164,-34.9351357454182,-0.810251319723188,5.42144206363857,1.85617900465855,25.7477825131282,1.95370373639406,16.7979079961724,-10.5175828310581,4.57544793310955,12.4296071130312,2.25229437796198,-1.5484089888484,-0.0600584759616486,2.5289327258787,-7.95548847488061,-10.5175828310581,11.9354784944105,-4.17774853373371,-5.9107199023115,0.661719721372024,0.383645371861129,0.178867157093982,-0.183200828782163,41.1574683648164,4.57544793310955,-4.17774853373371,30.478926792981,-13.753049905985,1.16015550763735,3.94662448217935,0.494104078043084,10.8927027302653,-34.9351357454182,12.4296071130312,-5.9107199023115,-13.753049905985,26.066059632001,2.80652238085499,-3.31568293504995,-1.15462680931257,-10.0108794442137,-0.810251319723188,2.25229437796198,0.661719721372024,1.16015550763735,2.80652238085499,2.51200267408682,-0.4461658171958,-0.214955911443812,1.84836798855787,5.42144206363857,-1.5484089888484,0.383645371861129,3.94662448217935,-3.31568293504995,-0.4461658171958,1.28879019123913,0.09321427892175,-0.158393022139762,1.85617900465855,-0.0600584759616486,0.178867157093982,0.494104078043084,-1.15462680931257,-0.214955911443812,0.09321427892175,0.267069557221481,0.860933778711408,25.7477825131282,2.5289327258787,-0.183200828782163,10.8927027302653,-10.0108794442137,1.84836798855787,-0.158393022139762,0.860933778711408,13.5776221467348],"inv_S":[0.388506327204064,-0.176389038580998,0.429395165712781,0.0289792779000703,0.556580660558318,-0.384959750154631,-0.813533329011189,0.205429444209884,-0.281080696682561,-0.176389038580995,3.66459676981345,0.0256374655157511,-0.216730009361338,-5.64408552727235,5.95667231481759,-7.53548694887056,2.92839251334986,-5.41976509030337,0.429395165712781,0.0256374655157451,0.885384127998805,-0.0174265251294169,0.832847590989846,-1.18444427732368,-0.178409532984576,-0.962263557482471,0.0411138551464395,0.0289792779000698,-0.216730009361333,-0.0174265251294177,0.262686417174814,0.0939051979171912,0.0314787720591982,-1.0122558856915,0.774224719845025,-0.221512671947408,0.556580660558316,-5.64408552727236,0.832847590989838,0.0939051979172003,10.0348896889957,-11.3449049442092,13.9063578874336,-7.04164562391815,9.48363277773017,-0.384959750154627,5.95667231481761,-1.18444427732367,0.0314787720591885,-11.3449049442092,14.2688166000535,-17.414949117756,10.687299146795,-11.6086605451032,-0.813533329011194,-7.53548694887058,-0.178409532984588,-1.01225588569149,13.9063578874336,-17.414949117756,31.4016521341035,-16.1981004837725,17.7733873479808,0.205429444209885,2.9283925133499,-0.962263557482467,0.774224719845018,-7.04164562391819,10.687299146795,-16.1981004837725,16.4573655866257,-9.44835857226995,-0.281080696682565,-5.41976509030338,0.0411138551464315,-0.2215126719474,9.48363277773017,-11.6086605451032,17.7733873479808,-9.4483585722699,11.1735324967929],"diff":[-9.78560198581025,2.07385456153894,7.2634227091897,-4.90805168078308,5.70067830522979,0.823675507347543,-0.305137321548226,-1.38795173191459,-7.24558351007358]}}
