{"description":{"TestName":"HadCM3","variable":"hfss","neof1":2,"neof2":2,"TestPeriod":"1980-2005","nref":12,"ntest":1,"CommonSpace":"CCM"},"hotelling_res":{"T2":{"statistic":163.316065888471,"mu":4,"nu":1584,"p_value":0,"conf_int":[119.823882517041,220.473828696287],"threshold_95":9.52827194591272,"threshold_99":13.349435656066},"Ts2":{"statistic":6.35098933166913,"conf_int":[4.39098933166913,8.31098933166913],"threshold_95":0.370532765092806,"threshold_99":0.519129106951285},"explvar.model.neof1":85.3578630224453,"explvar.model.neof2":85.027977204202,"explvar.refmean.neof1":88.2832766960782,"explvar.refmean.neof2":87.6246098549502,"S":[6.64224323788023,-1.42333933185584,0.959932156770101,0.679858308918136,-1.42333933185584,2.14358063320069,-0.194885615749377,0.662291852037847,0.959932156770101,-0.194885615749377,0.460619668334209,0.197667142199767,0.679858308918136,0.662291852037847,0.197667142199767,0.587955726006543],"inv_S":[0.41583501719604,0.615716194275845,-0.119340126680817,-1.134274332109,0.615716194275844,1.9585274878065,0.932240002968296,-3.23151846469165,-0.119340126680817,0.932240002968296,3.74597492002899,-2.17148448789538,-1.134274332109,-3.23151846469165,-2.17148448789538,7.38250368048478],"diff":[-2.11281580613251,5.69166824062914,0.403375696834611,-2.16603852145283]}}
