{"description":{"TestName":"CNRM-CM5-2","variable":"tauv","neof1":2,"neof2":2,"TestPeriod":"1980-2005","nref":8,"ntest":1,"CommonSpace":"CCM"},"hotelling_res":{"T2":{"statistic":15.2385137698287,"mu":4,"nu":448.000000000001,"p_value":0,"conf_int":[5.93234902318852,38.0487713438529],"threshold_95":9.63242917312145,"threshold_99":13.5368355379219},"Ts2":{"statistic":1.83511255342495,"conf_int":[-0.124887446575046,3.79511255342495],"threshold_95":1.1599944694456,"threshold_99":1.63018632948802},"explvar.model.neof1":90.1033124188694,"explvar.model.neof2":90.0451311985325,"explvar.refmean.neof1":90.5018003035709,"explvar.refmean.neof2":90.4430594241581,"S":[3.16110680765808e-05,7.82075546867993e-07,7.56685234260432e-07,-1.16252783087877e-05,7.82075546867993e-07,7.63986001453533e-06,-2.20332105365953e-06,3.0195430995001e-06,7.56685234260432e-07,-2.20332105365953e-06,1.90707137631603e-06,-1.5820155388809e-06,-1.16252783087877e-05,3.0195430995001e-06,-1.5820155388809e-06,6.70840429153974e-06],"inv_S":[183744.752156534,-155378.291367339,86702.9164412822,408803.729024543,-155378.291367339,338385.234947786,127906.95322053,-391409.607979974,86702.9164412822,127906.95322053,888422.431127672,302191.546435161,408803.729024543,-391409.607979974,302191.546435161,1104943.39704026],"diff":[0.00996200902173815,-0.00785337018402035,0.00126975920388766,-0.00818142932944162]}}
