{"description":{"TestName":"IPSL-CM5A-MR","variable":"hfss","neof1":2,"neof2":2,"TestPeriod":"1980-2005","nref":12,"ntest":1,"CommonSpace":"CCM"},"hotelling_res":{"T2":{"statistic":167.867618895139,"mu":4,"nu":1584,"p_value":0,"conf_int":[123.685551548494,225.715734173897],"threshold_95":9.52827194591271,"threshold_99":13.349435656066},"Ts2":{"statistic":6.43993724045171,"conf_int":[4.47993724045171,8.39993724045171],"threshold_95":0.365534900330986,"threshold_99":0.512126927077078},"explvar.model.neof1":81.9714875686205,"explvar.model.neof2":81.6953145936136,"explvar.refmean.neof1":85.6878129039475,"explvar.refmean.neof2":85.1510939437309,"S":[6.40316339547159,1.46572416405579,0.841023392135944,-1.2297624988275,1.46572416405579,1.65271563102255,0.350139833196583,0.0200518086706851,0.841023392135944,0.350139833196583,0.510082827466582,-0.182570096674752,-1.2297624988275,0.0200518086706851,-0.182570096674752,0.424100907467634],"inv_S":[0.69915578956261,-0.653336638229849,0.03829440271557,2.07471276156748,-0.653336638229849,1.34936851086301,-0.650118328718419,-2.23814268119142,0.0382944027155701,-0.650118328718419,2.83045798705951,1.36025659669375,2.07471276156748,-2.23814268119142,1.36025659669375,9.06535418693897],"diff":[-1.21544079477232,-2.97214149971941,-0.724390230863277,3.8800399118007]}}
