{"description":{"TestName":"CNRM-CM5","variable":"tauu","neof1":2,"neof2":2,"TestPeriod":"1980-2005","nref":9,"ntest":1,"CommonSpace":"CCM"},"hotelling_res":{"T2":{"statistic":326.531111135213,"mu":4,"nu":647.999999999945,"p_value":0,"conf_int":[262.371710081877,404.364742866078],"threshold_95":9.58736439446423,"threshold_99":13.4556581611029},"Ts2":{"statistic":9.00754248591482,"conf_int":[7.04754248591482,10.9675424859148],"threshold_95":0.26447278426503,"threshold_99":0.371181821360637},"explvar.model.neof1":86.1548506253065,"explvar.model.neof2":86.0537946900511,"explvar.refmean.neof1":85.348989092254,"explvar.refmean.neof2":85.2224946211099,"S":[8.02832676134954e-05,-1.0225259809679e-05,7.08698165787153e-06,-2.43848826165063e-05,-1.0225259809679e-05,8.10658283435574e-06,-3.15448966707534e-06,1.81405684011199e-06,7.08698165787153e-06,-3.15448966707534e-06,2.26889054072562e-06,-1.39926970089787e-06,-2.43848826165063e-05,1.81405684011199e-06,-1.39926970089787e-06,7.86221410769322e-06],"inv_S":[1304999.45325706,262429.618507153,-1406964.8653303,3736539.4186794,262429.618507153,321709.298175722,94086.4150663177,756449.605405307,-1406964.8653303,94086.4150663177,2540526.85728001,-3933302.82184401,3736539.4186794,756449.605405306,-3933302.82184401,10841612.7956998],"diff":[-0.025329868769059,0.00894629771738274,-0.00842142643856077,0.0102509190290433]}}
