{"description":{"TestName":"FGOALS-s2","variable":"tauv","neof1":2,"neof2":2,"TestPeriod":"1980-2005","nref":8,"ntest":1,"CommonSpace":"CCM"},"hotelling_res":{"T2":{"statistic":166.976253821298,"mu":4,"nu":448.000000000001,"p_value":0,"conf_int":[122.928555684816,224.689910144971],"threshold_95":9.63242917312137,"threshold_99":13.5368355379219},"Ts2":{"statistic":6.42261484495407,"conf_int":[4.46261484495407,8.38261484495407],"threshold_95":0.370504075785936,"threshold_99":0.520684102618607},"explvar.model.neof1":88.4888766051366,"explvar.model.neof2":88.3522420374068,"explvar.refmean.neof1":89.1937227583145,"explvar.refmean.neof2":89.0500267271929,"S":[3.09593955259815e-05,-1.66133998438345e-06,3.67306121493275e-07,-1.11617495620993e-05,-1.66133998438345e-06,7.3456575866737e-06,-1.9865736146869e-06,4.52294907695367e-06,3.67306121493275e-07,-1.9865736146869e-06,1.72468609867005e-06,-1.44561501589976e-06,-1.11617495620993e-05,4.52294907695367e-06,-1.44561501589976e-06,7.0110177043658e-06],"inv_S":[168424.909564771,-189713.531279558,88185.2620147913,408708.601453537,-189713.531279558,487730.560872352,103126.690753018,-595410.552093109,88185.2620147914,103126.690753018,896710.071197288,258758.807815906,408708.601453537,-595410.552093109,258758.807815906,1230774.28159965],"diff":[0.0137853664470809,0.00727046172034749,0.00281991900549936,-0.0120238817591154]}}
