{"description":{"TestName":"IPSL-CM5B-LR","variable":"hfss","neof1":2,"neof2":2,"TestPeriod":"1980-2005","nref":12,"ntest":1,"CommonSpace":"CCM"},"hotelling_res":{"T2":{"statistic":190.286081137273,"mu":4,"nu":1584,"p_value":0,"conf_int":[142.833722134174,251.406469570579],"threshold_95":9.52827194591272,"threshold_99":13.349435656066},"Ts2":{"statistic":6.86124776325341,"conf_int":[4.90124776325341,8.82124776325341],"threshold_95":0.343566035864712,"threshold_99":0.481347794796417},"explvar.model.neof1":86.2834542372264,"explvar.model.neof2":86.0918389019851,"explvar.refmean.neof1":86.4575875132806,"explvar.refmean.neof2":85.686639997908,"S":[6.10931026173194,-1.43614014962576,0.713768736916355,0.848448285136151,-1.43614014962576,2.35742586123145,-0.266366217195308,0.496541650433665,0.713768736916355,-0.266366217195308,0.467246541764444,0.168287657010715,0.848448285136151,0.496541650433665,0.168287657010715,0.567723562609385],"inv_S":[0.421211349125504,0.478769312270302,0.00787008460963624,-1.05056303581133,0.478769312270302,1.2049734476799,0.663697424711025,-1.96613750863101,0.0078700846096361,0.663697424711025,3.04492753259625,-1.49483754166014,-1.05056303581133,-1.96613750863101,-1.49483754166014,5.49418851463187],"diff":[-4.67677996084851,5.59119528221009,-1.7541411867571,-5.0005108782052]}}
