{"description":{"TestName":"CMCC-CM","variable":"hfss","neof1":2,"neof2":2,"TestPeriod":"1980-2005","nref":12,"ntest":1,"CommonSpace":"CCM"},"hotelling_res":{"T2":{"statistic":24.0630153952904,"mu":4,"nu":1584,"p_value":0,"conf_int":[11.0168851925251,50.6769452528863],"threshold_95":9.5282719459127,"threshold_99":13.349435656066},"Ts2":{"statistic":2.35671856500245,"conf_int":[0.396718565002445,4.31671856500244],"threshold_95":0.933193742282168,"threshold_99":1.30743642582359},"explvar.model.neof1":86.9402842478922,"explvar.model.neof2":86.8272050486217,"explvar.refmean.neof1":88.3822217452542,"explvar.refmean.neof2":88.2634155482953,"S":[6.21298265466135,-0.551595689154953,0.956915026899291,1.21362003898583,-0.551595689154953,0.374993926695493,-0.320282731957315,-0.100304217119759,0.956915026899291,-0.320282731957315,0.538116739843416,0.167282143786285,1.21362003898583,-0.100304217119759,0.167282143786285,0.346876364501167],"inv_S":[0.601424956807736,-0.0660565368763027,-0.527882647141117,-1.86874014548647,-0.0660565368763021,5.43135525020474,3.28213245775138,0.218848059930913,-0.527882647141117,3.28213245775138,4.56586825917681,0.594080415703576,-1.86874014548647,0.218848059930914,0.594080415703577,9.19783863223737],"diff":[-0.532699648243126,-0.482027478844231,0.0107034012862668,-1.67115969461866]}}
