{"description":{"TestName":"MIROC5","variable":"tauu","neof1":2,"neof2":2,"TestPeriod":"1980-2005","nref":9,"ntest":1,"CommonSpace":"CCM"},"hotelling_res":{"T2":{"statistic":202.252431199642,"mu":4,"nu":647.999999999997,"p_value":0,"conf_int":[153.132618250153,265.041151951628],"threshold_95":9.58736439446428,"threshold_99":13.4556581611028},"Ts2":{"statistic":7.07587476588348,"conf_int":[5.11587476588348,9.03587476588348],"threshold_95":0.335417425579207,"threshold_99":0.470751088012979},"explvar.model.neof1":79.2165929949536,"explvar.model.neof2":79.0852492278859,"explvar.refmean.neof1":82.0762334787794,"explvar.refmean.neof2":81.9405682197569,"S":[7.21628758422129e-05,-2.12096973222038e-05,1.42326707000652e-05,-2.66684016177304e-05,-2.12096973222038e-05,1.36279260638698e-05,-7.36244879131892e-06,8.80525745959563e-06,1.42326707000652e-05,-7.36244879131892e-06,4.52981229330737e-06,-5.50013438493912e-06,-2.66684016177304e-05,8.80525745959563e-06,-5.50013438493912e-06,1.02551255345146e-05],"inv_S":[757963.393845748,-718719.057271561,-1167145.95100454,1962210.88605136,-718719.057271559,1285203.32777352,2115443.31108716,-1837950.40835662,-1167145.95100454,2115443.31108715,4115666.34585884,-2644162.85165322,1962210.88605136,-1837950.40835663,-2644162.85165323,5360188.25968421],"diff":[-0.0218636708962606,-0.0174093584983281,0.00107456231754082,0.00568909922245799]}}
