{"description":{"TestName":"ACCESS1-3","variable":"tauv","neof1":2,"neof2":2,"TestPeriod":"1980-2005","nref":8,"ntest":1,"CommonSpace":"CCM"},"hotelling_res":{"T2":{"statistic":42.653490985799,"mu":4,"nu":447.999999999999,"p_value":0,"conf_int":[23.4101380626095,75.5140596299514],"threshold_95":9.63242917312142,"threshold_99":13.5368355379219},"Ts2":{"statistic":3.19151490864187,"conf_int":[1.23151490864187,5.15151490864187],"threshold_95":0.72073916113195,"threshold_99":1.01288338742296},"explvar.model.neof1":88.2024177261115,"explvar.model.neof2":87.927544417606,"explvar.refmean.neof1":89.6068283493569,"explvar.refmean.neof2":89.3227311046767,"S":[3.33348904058998e-05,-2.12885012176322e-06,1.53040857309546e-07,-1.25396069095993e-05,-2.12885012176322e-06,7.88003804654784e-06,-2.42019300839916e-06,5.02923452988654e-06,1.53040857309546e-07,-2.42019300839916e-06,1.58610420459424e-06,-1.28755952712222e-06,-1.25396069095993e-05,5.02923452988654e-06,-1.28755952712222e-06,7.8942668702981e-06],"inv_S":[165076.134220758,-214552.73588995,-22465.2389067796,395236.261958625,-214552.73588995,633985.086240952,442085.551108532,-672596.364006856,-22465.2389067797,442085.551108532,1209789.37133941,-120008.782133454,395236.261958625,-672596.364006856,-120008.782133453,1163405.53468],"diff":[0.00135659914327407,0.00406900871674278,0.00195676887658513,-0.00279201233084469]}}
