{"description":{"TestName":"CSIRO-Mk3-6-0","variable":"hfls","neof1":3,"neof2":3,"TestPeriod":"1980-2005","nref":12,"ntest":1,"CommonSpace":"CCM"},"hotelling_res":{"T2":{"statistic":973.719369773765,"mu":9,"nu":1583.99999999997,"p_value":0,"conf_int":[862.986543429589,1108.12735642247],"threshold_95":17.058433983278,"threshold_99":21.8775081701156},"Ts2":{"statistic":15.5663103419849,"conf_int":[13.6063103419849,17.5263103419848],"threshold_95":0.272703702498658,"threshold_99":0.349743562936879},"explvar.model.neof1":81.5283502648697,"explvar.model.neof2":81.3853683038092,"explvar.refmean.neof1":84.520156094515,"explvar.refmean.neof2":84.3556480137659,"S":[81.5474778470276,2.39305476396826,-2.73468796590809,-42.498240410764,29.3751441013401,-5.61404390975435,-5.58595971229955,-3.11757275982929,-23.9331258594327,2.39305476396826,6.1840491956392,-7.74003032877673,-2.982840065152,-5.55941668767752,1.91125644666544,1.20723454029742,-0.797652522025293,-1.21116016953964,-2.73468796590809,-7.74003032877673,13.8485993732468,2.86534567344885,8.75657480746905,-4.20170689633172,-1.52633139720063,0.454571075155828,-1.17230083775085,-42.498240410764,-2.982840065152,2.86534567344885,33.0234237790016,-13.6276142941803,4.75324877588162,4.67528291029161,1.4784678528322,10.7726634186941,29.3751441013401,-5.55941668767752,8.75657480746905,-13.6276142941803,19.4053562491165,-4.18430813292182,-3.31823243224162,-0.710201859795755,-9.27868310207639,-5.61404390975435,1.91125644666544,-4.20170689633172,4.75324877588162,-4.18430813292182,3.06478651647239,1.01669815884464,0.0477378194853268,2.96999760072742,-5.58595971229955,1.20723454029742,-1.52633139720063,4.67528291029161,-3.31823243224162,1.01669815884464,1.96807994291909,-0.0367335790541723,-0.585925309601015,-3.11757275982929,-0.797652522025293,0.454571075155828,1.4784678528322,-0.710201859795755,0.0477378194853268,-0.0367335790541723,0.391564871391814,1.44711457687453,-23.9331258594327,-1.21116016953964,-1.17230083775085,10.7726634186941,-9.27868310207639,2.96999760072742,-0.585925309601015,1.44711457687453,12.8178280299567],"inv_S":[0.561969360537273,0.349565602514627,0.55474474494153,-0.0457690052784661,-0.0378604675705754,-0.744420978759651,2.6771466056062,-0.565674301815752,1.50285070639094,0.349565602514635,3.63745935876804,-0.118845258940614,0.723099968950697,2.42730294195948,-3.88023604914527,3.98068606799596,1.65498308325333,3.02910988537144,0.554744744941524,-0.118845258940623,1.85214200048436,-0.543215427051102,-1.41503578715354,2.2391112468422,0.855506154735116,1.32992627167255,-0.00367745052851125,-0.0457690052784633,0.7230999689507,-0.543215427051101,0.463685587683762,0.716835100923573,-1.32898060223674,-0.0944309457184726,0.152901399161158,0.348749682991327,-0.0378604675705653,2.42730294195948,-1.41503578715353,0.716835100923569,3.01506987760156,-4.79117966503986,4.04511093507247,-1.23973604637772,3.04439295988821,-0.744420978759668,-3.88023604914526,2.23911124684218,-1.32898060223673,-4.79117966503985,10.4820432041358,-10.4311110176279,4.81165227577313,-7.35200070271053,2.67714660560621,3.98068606799592,0.855506154735154,-0.0944309457184902,4.04511093507242,-10.4311110176279,22.4201109805559,-7.7031664108504,12.7721693649114,-0.565674301815755,1.65498308325335,1.32992627167254,0.152901399161165,-1.2397360463777,4.81165227577309,-7.70316641085038,13.4388676485129,-4.78839013964138,1.50285070639095,3.02910988537142,-0.00367745052848523,0.348749682991315,3.04439295988818,-7.35200070271049,12.7721693649115,-4.78839013964139,7.90864462369596],"diff":[16.7483113044064,-1.27775748572694,-24.0809011764024,2.2583685439428,8.50138308348756,8.7209860178345,0.890319335255293,1.11627460318601,-6.79920099947077]}}
