{"description":{"TestName":"FIO-ESM","variable":"tauu","neof1":2,"neof2":2,"TestPeriod":"1980-2005","nref":9,"ntest":1,"CommonSpace":"CCM"},"hotelling_res":{"T2":{"statistic":601.404743032643,"mu":4,"nu":647.999999999986,"p_value":0,"conf_int":[511.993371107876,704.494312301275],"threshold_95":9.58736439446426,"threshold_99":13.4556581611029},"Ts2":{"statistic":12.2414395812165,"conf_int":[10.2814395812165,14.2014395812165],"threshold_95":0.195148347826665,"threshold_99":0.273886477140242},"explvar.model.neof1":84.0163548130228,"explvar.model.neof2":83.7858168218259,"explvar.refmean.neof1":85.0221498375787,"explvar.refmean.neof2":84.7081392086006,"S":[7.48149822735998e-05,-1.68565257460495e-05,9.33153416733685e-06,-2.99392215466244e-05,-1.68565257460495e-05,1.09902791930343e-05,-4.72377898381144e-06,7.45125542311528e-06,9.33153416733685e-06,-4.72377898381144e-06,3.16613846336153e-06,-3.4658934390026e-06,-2.99392215466244e-05,7.45125542311528e-06,-3.4658934390026e-06,1.25129194172323e-05],"inv_S":[824567.575332929,-548111.920395506,-1049114.12346097,2008717.12204056,-548111.920395506,663191.377308,1057687.09006283,-1413404.91600015,-1049114.12346097,1057687.09006283,2222511.88589279,-2524412.28294477,2008717.12204056,-1413404.91600015,-2524412.28294477,5028540.65624564],"diff":[0.150709479120848,0.001632167307345,0.00132384931696827,-0.0635909123623761]}}
