{"description":{"TestName":"MRI-ESM1","variable":"hfls","neof1":3,"neof2":3,"TestPeriod":"1980-2005","nref":12,"ntest":1,"CommonSpace":"CCM"},"hotelling_res":{"T2":{"statistic":1648.94448212805,"mu":9,"nu":1584,"p_value":0,"conf_int":[1501.41335473684,1820.15394047821],"threshold_95":17.0584339832779,"threshold_99":21.8775081701156},"Ts2":{"statistic":20.2759508364502,"conf_int":[18.3159508364502,22.2359508364502],"threshold_95":0.209755981805647,"threshold_99":0.269012865435487},"explvar.model.neof1":85.6200073262195,"explvar.model.neof2":85.352985983851,"explvar.refmean.neof1":86.5785486339168,"explvar.refmean.neof2":86.3164284849906,"S":[93.9038238481668,5.16399889150611,-3.34572182434309,-41.6055861336658,33.0760789336522,-4.8140355403006,2.49713182819724,-6.2869742149872,-25.7133253178616,5.16399889150611,19.8781632479755,-7.35753461483449,-4.11184848541932,-11.2742954257617,-3.08151980942938,1.51879231474841,2.91527251911881,-4.54111480627935,-3.34572182434309,-7.35753461483449,8.04861306166083,0.707454374492443,3.91890200563129,-1.56595095460106,0.0575683569674316,-1.57830795313303,-1.13939389692922,-41.6055861336658,-4.11184848541932,0.707454374492443,28.8393125323704,-12.383332893162,3.40520613790365,-0.596629403809209,2.35279317824993,9.99501126756637,33.0760789336522,-11.2742954257617,3.91890200563129,-12.383332893162,22.8861466738076,1.34092678348775,0.640988491913676,-4.90190324750162,-8.85557430871295,-4.8140355403006,-3.08151980942938,-1.56595095460106,3.40520613790365,1.34092678348775,3.00985539915501,-0.437148386294339,-0.201167627271257,3.03583335060591,2.49713182819724,1.51879231474841,0.0575683569674316,-0.596629403809209,0.640988491913676,-0.437148386294339,0.815093658426691,-0.114902628746697,-2.71459399160433,-6.2869742149872,2.91527251911881,-1.57830795313303,2.35279317824993,-4.90190324750162,-0.201167627271257,-0.114902628746697,1.32906576639532,1.75257333991574,-25.7133253178616,-4.54111480627935,-1.13939389692922,9.99501126756637,-8.85557430871295,3.03583335060591,-2.71459399160433,1.75257333991574,13.5028701044872],"inv_S":[1.12254330212377,-0.61597394087399,2.12404142373265,0.118579064089539,-2.40803582491539,4.16834133992191,-1.32767369472755,1.94531888209513,-1.01388114526301,-0.615973940873991,0.872319082598024,-0.901713970100484,0.0417859889697006,1.95514994751876,-2.63195299317492,1.78514301014387,-0.782178732870439,1.34774416177182,2.12404142373265,-0.901713970100481,4.73671694571156,0.166411053267763,-4.60196851182974,8.96028506215046,-4.01820450547606,4.57819574333581,-2.41662226044502,0.118579064089539,0.0417859889697007,0.166411053267763,0.127077036339553,-0.0389615174444131,0.109558323212178,0.130368021313437,0.177260724998597,0.112857099476044,-2.40803582491539,1.95514994751876,-4.60196851182974,-0.0389615174444132,6.68479693014413,-10.7184655439245,6.8970242018294,-3.1126231726242,4.29692571428145,4.16834133992191,-2.63195299317492,8.96028506215045,0.109558323212178,-10.7184655439245,19.6377840459263,-12.480882642557,7.85300335571031,-7.2454616529591,-1.32767369472755,1.78514301014386,-4.01820450547605,0.130368021313436,6.8970242018294,-12.480882642557,22.9185719748863,-2.76575858892611,9.93233940655714,1.94531888209513,-0.782178732870438,4.57819574333581,0.177260724998597,-3.1126231726242,7.85300335571031,-2.76575858892612,8.61604941855446,-1.78475732010576,-1.01388114526301,1.34774416177182,-2.41662226044502,0.112857099476044,4.29692571428145,-7.2454616529591,9.93233940655714,-1.78475732010575,4.98460387690435],"diff":[16.8607599708261,-14.0288246821126,-19.2564031478423,-5.54545706976755,11.1269479373226,1.38495487487844,-5.5486234953862,-1.76292259240524,-5.53138172854329]}}
