{"description":{"TestName":"bcc-csm1-1","variable":"hfss","neof1":2,"neof2":2,"TestPeriod":"1980-2005","nref":12,"ntest":1,"CommonSpace":"CCM"},"hotelling_res":{"T2":{"statistic":101.304622975852,"mu":4,"nu":1584,"p_value":0,"conf_int":[68.3856208391603,147.878652104704],"threshold_95":9.52827194591271,"threshold_99":13.349435656066},"Ts2":{"statistic":4.98355654656996,"conf_int":[3.02355654656996,6.94355654656996],"threshold_95":0.468731639669308,"threshold_99":0.656709096806574},"explvar.model.neof1":82.5524426178203,"explvar.model.neof2":82.5405776670787,"explvar.refmean.neof1":84.64382852338,"explvar.refmean.neof2":84.5537971138688,"S":[6.30438106712817,1.35620058539074,0.545434454697226,-0.966013542001901,1.35620058539074,0.842877220944222,0.196059848266985,0.0321494069383299,0.545434454697226,0.196059848266985,0.380170033624315,0.047692573157699,-0.966013542001901,0.0321494069383299,0.047692573157699,0.44213323245051],"inv_S":[0.685827888282484,-1.01059233098365,-0.669041665705427,1.64411366731988,-1.01059233098365,2.8375164312105,0.293409522749764,-2.44601338096569,-0.669041665705427,0.293409522749764,3.67475389980454,-1.87951201039248,1.64411366731988,-2.44601338096569,-1.87951201039248,6.23457480352971],"diff":[-1.01130212593937,5.3054039870618,-1.0675614981418,4.43162116340832]}}
