{"description":{"TestName":"CNRM-CM5","variable":"hfss","neof1":2,"neof2":2,"TestPeriod":"1980-2005","nref":12,"ntest":1,"CommonSpace":"CCM"},"hotelling_res":{"T2":{"statistic":19.5766385697436,"mu":4,"nu":1584,"p_value":0,"conf_int":[8.33706273986366,44.3585313854492],"threshold_95":9.52827194591269,"threshold_99":13.349435656066},"Ts2":{"statistic":2.10725083096398,"conf_int":[0.147250830963975,4.06725083096397],"threshold_95":1.02563363491356,"threshold_99":1.43694788453734},"explvar.model.neof1":87.3109779259726,"explvar.model.neof2":87.2196063867381,"explvar.refmean.neof1":89.0957655873922,"explvar.refmean.neof2":89.0019007109623,"S":[6.79529969993826,-1.98953898281898,0.507177539418089,1.39231723733452,-1.98953898281898,2.16002110645771,-0.155148094743943,-0.122753171401127,0.507177539418089,-0.155148094743943,0.295322692987795,0.132573191613183,1.39231723733452,-0.122753171401127,0.132573191613183,0.411320847057103],"inv_S":[1.09587325718,0.818949388863317,0.121292671911614,-3.50421029751542,0.818949388863317,1.0949790508752,0.311646124169473,-2.54580123602607,0.121292671911614,0.311646124169473,4.07349275653698,-1.6304990819549,-3.50421029751542,-2.54580123602607,-1.6304990819549,14.0586788478802],"diff":[-1.51296654570685,2.16611665607588,0.139057008446046,-1.07149995223556]}}
