{"description":{"TestName":"CanESM2","variable":"tauu","neof1":2,"neof2":2,"TestPeriod":"1980-2005","nref":9,"ntest":1,"CommonSpace":"CCM"},"hotelling_res":{"T2":{"statistic":790.571147907801,"mu":4,"nu":648.000000000002,"p_value":0,"conf_int":[687.089241943293,907.732379876179],"threshold_95":9.58736439446421,"threshold_99":13.4556581611028},"Ts2":{"statistic":14.040799432131,"conf_int":[12.080799432131,16.000799432131],"threshold_95":0.170274694316476,"threshold_99":0.238976843472404},"explvar.model.neof1":85.5812009320888,"explvar.model.neof2":85.4252939985111,"explvar.refmean.neof1":83.2977692836953,"explvar.refmean.neof2":83.0644831357813,"S":[7.70173984629538e-05,1.51496499485866e-05,1.10167882196487e-05,3.04691209947379e-05,1.51496499485866e-05,8.95120669201417e-06,4.10903764717741e-06,6.59519403286583e-06,1.10167882196487e-05,4.10903764717741e-06,3.51985003462616e-06,3.75890966365891e-06,3.04691209947379e-05,6.59519403286583e-06,3.75890966365891e-06,1.28580988856146e-05],"inv_S":[710380.142202899,468985.238938155,-1041486.48815725,-1619434.85695059,468985.238938155,587122.411774439,-937575.541129195,-1138386.98744685,-1041486.48815725,-937575.541129195,2165194.71546183,2315886.61446105,-1619434.85695059,-1138386.98744685,2315886.61446105,3822138.2125294],"diff":[-0.0221372192400041,0.00574091124482772,-0.00302273836024394,-0.0199358037610742]}}
