{"description":{"TestName":"GFDL-ESM2M","variable":"hfss","neof1":2,"neof2":2,"TestPeriod":"1980-2005","nref":12,"ntest":1,"CommonSpace":"CCM"},"hotelling_res":{"T2":{"statistic":68.7239374879197,"mu":4,"nu":1584,"p_value":0,"conf_int":[42.6936289536802,108.396164299878],"threshold_95":9.52827194591271,"threshold_99":13.349435656066},"Ts2":{"statistic":4.08596669788521,"conf_int":[2.12596669788521,6.04596669788521],"threshold_95":0.566501328103279,"threshold_99":0.793687782162295},"explvar.model.neof1":86.873448800956,"explvar.model.neof2":86.6929012246617,"explvar.refmean.neof1":87.0406976239283,"explvar.refmean.neof2":86.7164393580965,"S":[6.02143259091746,-1.51411875072008,0.581196592545497,1.21405759856538,-1.51411875072008,1.2005984054566,-0.363672505947036,-0.0833540637567651,0.581196592545497,-0.363672505947036,0.451851508799896,0.00723841807483483,1.21405759856538,-0.0833540637567651,0.00723841807483483,0.514515065195719],"inv_S":[0.618099439478379,0.596413236997499,-0.293260900318492,-1.35772916370956,0.596413236997499,1.69129534300977,0.612391422958596,-1.14192269050539,-0.293260900318491,0.612391422958596,3.07122560438656,0.747986111998674,-1.35772916370956,-1.14192269050539,0.747986111998674,4.95177585146854],"diff":[-3.60899806232038,-1.91177566555255,-1.68440250882542,-4.15747153509519]}}
