{"description":{"TestName":"CMCC-CM","variable":"hfls","neof1":3,"neof2":3,"TestPeriod":"1980-2005","nref":12,"ntest":1,"CommonSpace":"CCM"},"hotelling_res":{"T2":{"statistic":802.006189095406,"mu":9,"nu":1583.99999999999,"p_value":0,"conf_int":[702.55505208182,925.130831858423],"threshold_95":17.0584339832779,"threshold_99":21.8775081701156},"Ts2":{"statistic":14.1202983094924,"conf_int":[12.1602983094924,16.0802983094924],"threshold_95":0.300334560769845,"threshold_99":0.385180246525056},"explvar.model.neof1":86.5995122975327,"explvar.model.neof2":86.4712995103229,"explvar.refmean.neof1":86.711314697049,"explvar.refmean.neof2":86.5825051567386,"S":[79.1190609417267,5.0254758784155,13.2046770604249,43.9054036756158,-31.437186448615,10.9782972257286,-3.85877249621211,2.11158876647601,-25.5035677295365,5.0254758784155,16.5458175997862,5.86132975894662,6.24882753578428,10.7620196904034,-3.24148966610421,-1.99053560616767,-3.77873841513052,-3.52867695423389,13.2046770604249,5.86132975894662,8.00572793406318,6.47774791322099,-0.389462079843986,3.4311349725807,-0.737210769664788,-0.343893862129338,-1.45426345907605,43.9054036756158,6.24882753578428,6.47774791322099,36.1071171894525,-13.6162054421863,5.2895377346341,-2.63500683866275,0.362533320698706,-13.1576584449654,-31.437186448615,10.7620196904034,-0.389462079843986,-13.6162054421863,24.173765182048,-7.80211858504134,0.425136576512551,-3.94759132729967,10.6919875448534,10.9782972257286,-3.24148966610421,3.4311349725807,5.2895377346341,-7.80211858504134,6.11046559701964,0.175436592126496,2.10600222857187,-0.809618181279552,-3.85877249621211,-1.99053560616767,-0.737210769664788,-2.63500683866275,0.425136576512551,0.175436592126496,0.680912992163215,0.521535431842552,2.52161950043333,2.11158876647601,-3.77873841513052,-0.343893862129338,0.362533320698706,-3.94759132729967,2.10600222857187,0.521535431842552,1.45683864252102,0.616813429328156,-25.5035677295365,-3.52867695423389,-1.45426345907605,-13.1576584449654,10.6919875448534,-0.809618181279552,2.52161950043333,0.616813429328156,14.3422104205816],"inv_S":[1.29308036368684,-0.798106614480219,-1.87633765803618,-0.591215698546351,2.03408105899889,1.95911211884251,-0.0756169210721266,-1.55232196421595,0.0446327488173534,-0.798106614480203,2.0947467020501,0.486445294309477,0.0632345065603913,-3.25349570170949,-1.99488987728879,-4.42836894137772,1.39613570035128,2.23489250711779,-1.87633765803619,0.486445294309506,3.40298669346578,0.952345425648339,-2.26661363787966,-3.08903826492234,1.47828576799917,2.70582427612771,-0.859025253396621,-0.591215698546354,0.0632345065603997,0.952345425648341,0.383412417348504,-0.511386721547429,-0.728779032607753,1.16311613036582,0.604077075090208,-0.477822870053351,2.03408105899887,-3.2534957017095,-2.26661363787962,-0.511386721547415,6.32155011270429,4.5481466711937,7.36155819063897,-2.38095372592252,-3.53022527596934,1.9591121188425,-1.99488987728881,-3.08903826492231,-0.728779032607743,4.54814667119372,4.8179328016669,4.69562784856726,-4.14037725986466,-1.75503368533963,-0.075616921072186,-4.42836894137768,1.47828576799927,1.16311613036585,7.36155819063888,4.69562784856716,30.2346691777913,-4.60007392674952,-10.3479202587883,-1.55232196421595,1.39613570035131,2.7058242761277,0.604077075090203,-2.38095372592256,-4.14037725986467,-4.60007392674962,8.05062064500935,0.4154793862255,0.0446327488173814,2.23489250711778,-0.859025253396665,-0.477822870053363,-3.53022527596929,-1.75503368533958,-10.3479202587883,0.415479386225454,4.50765179934509],"diff":[-13.4453497257898,5.65437536973263,-0.273656082953738,3.96581911184333,10.4431932217996,2.36994501799761,-4.41533104663108,0.929034627776415,7.97121703374656]}}
