{"description":{"TestName":"CESM1-FASTCHEM","variable":"tauu","neof1":2,"neof2":2,"TestPeriod":"1980-2005","nref":9,"ntest":1,"CommonSpace":"CCM"},"hotelling_res":{"T2":{"statistic":174.146713832158,"mu":4,"nu":648.000000000017,"p_value":0,"conf_int":[129.027940243133,232.932141605472],"threshold_95":9.58736439446429,"threshold_99":13.4556581611028},"Ts2":{"statistic":6.56066730933638,"conf_int":[4.60066730933638,8.52066730933639],"threshold_95":0.361186879621971,"threshold_99":0.506917958315508},"explvar.model.neof1":84.6874797901008,"explvar.model.neof2":84.4390880867532,"explvar.refmean.neof1":85.8231332022524,"explvar.refmean.neof2":85.5344819213301,"S":[7.84080303920816e-05,-1.52903579382948e-05,1.05076972557132e-05,-3.03835487398891e-05,-1.52903579382948e-05,1.05312504581691e-05,-4.24734627648938e-06,6.20933555931491e-06,1.05076972557132e-05,-4.24734627648938e-06,3.25940580717317e-06,-3.33334775636006e-06,-3.03835487398891e-05,6.20933555931491e-06,-3.33334775636006e-06,1.25194391362855e-05],"inv_S":[1072921.39974681,-563520.61456562,-1710073.84256436,2428062.23956799,-563520.61456562,512682.289339418,1135177.1569436,-1319646.35311496,-1710073.84256436,1135177.1569436,3406416.87493703,-3806243.65557125,2428062.23956799,-1319646.35311496,-3806243.65557125,5613649.29458884],"diff":[-0.0141689574837821,-0.000308904016564314,-0.0057511963786691,0.00735530621139803]}}
