{"description":{"TestName":"MRI-ESM1","variable":"hfss","neof1":2,"neof2":2,"TestPeriod":"1980-2005","nref":12,"ntest":1,"CommonSpace":"CCM"},"hotelling_res":{"T2":{"statistic":19.6587524141454,"mu":4,"nu":1584,"p_value":0,"conf_int":[8.38452375362161,44.4758650963139],"threshold_95":9.52827194591271,"threshold_99":13.349435656066},"Ts2":{"statistic":2.11207452865974,"conf_int":[0.152074528659744,4.07207452865974],"threshold_95":1.02368756954408,"threshold_99":1.43422138023731},"explvar.model.neof1":87.5681559470803,"explvar.model.neof2":87.4740066327714,"explvar.refmean.neof1":90.177235615311,"explvar.refmean.neof2":90.0787588990399,"S":[6.47347849905654,-1.71259866444776,-0.558517952670689,-1.07076287491906,-1.71259866444776,1.88002667494199,0.236084641184691,0.0274521764666222,-0.558517952670689,0.236084641184691,0.325422724920529,0.130016923288943,-1.07076287491906,0.0274521764666222,0.130016923288943,0.331915226445521],"inv_S":[0.624220400175375,0.556769223853692,-0.140768127050822,2.02283501500343,0.556769223853692,1.08735017605175,-0.610498526977853,1.94535464055345,-0.140768127050823,-0.610498526977853,4.07291506372048,-1.99905760163652,2.02283501500343,1.94535464055345,-1.99905760163652,10.1606779906648],"diff":[4.54054343817259,-3.11109565079896,-0.159251654064194,-1.49082032937866]}}
