{"description":{"TestName":"FGOALS-g2","variable":"tauv","neof1":2,"neof2":2,"TestPeriod":"1980-2005","nref":8,"ntest":1,"CommonSpace":"CCM"},"hotelling_res":{"T2":{"statistic":44.9109291466848,"mu":4,"nu":448.000000000001,"p_value":0,"conf_int":[25.011993619274,78.4303373839393],"threshold_95":9.63242917312146,"threshold_99":13.5368355379219},"Ts2":{"statistic":3.27857427562264,"conf_int":[1.31857427562264,5.23857427562264],"threshold_95":0.703183726072704,"threshold_99":0.988212036829821},"explvar.model.neof1":88.8471009027061,"explvar.model.neof2":88.5656111724671,"explvar.refmean.neof1":89.5448501200079,"explvar.refmean.neof2":89.2261067050056,"S":[3.23775501465851e-05,2.15680006952204e-06,2.08703255150965e-07,1.14624837796673e-05,2.15680006952204e-06,7.09487196963763e-06,1.83919802987571e-06,4.97328840197121e-06,2.08703255150965e-07,1.83919802987571e-06,1.47321475797446e-06,1.32044941778029e-06,1.14624837796673e-05,4.97328840197121e-06,1.32044941778029e-06,7.78727351881115e-06],"inv_S":[117343.6452465,141970.091425599,49783.4443342647,-271833.826611013,141970.0914256,491782.98629843,-194874.413821152,-490002.910096921,49783.4443342647,-194874.413821152,1024920.9961666,-122614.364505403,-271833.826611013,-490002.91009692,-122614.364505403,862268.760434981],"diff":[-0.00300779408872787,-0.00845890921025744,-0.000941466152578735,0.000321104230211706]}}
