{"description":{"TestName":"CCSM4","variable":"tauu","neof1":2,"neof2":2,"TestPeriod":"1980-2005","nref":9,"ntest":1,"CommonSpace":"CCM"},"hotelling_res":{"T2":{"statistic":96.6363780545951,"mu":4,"nu":647.999999999999,"p_value":0,"conf_int":[64.6294851784996,142.296958772996],"threshold_95":9.5873643944643,"threshold_99":13.4556581611029},"Ts2":{"statistic":4.86510357145814,"conf_int":[2.90510357145814,6.82510357145814],"threshold_95":0.482670415586431,"threshold_99":0.677417468387709},"explvar.model.neof1":85.1314708894539,"explvar.model.neof2":84.9035681331263,"explvar.refmean.neof1":85.8720562007072,"explvar.refmean.neof2":85.6300555236263,"S":[7.79225847064784e-05,-1.55474255564577e-05,1.04276827389415e-05,-3.02104830676167e-05,-1.55474255564577e-05,1.09435377476059e-05,-4.29521155439254e-06,6.38412096452597e-06,1.04276827389415e-05,-4.29521155439254e-06,3.26835914314778e-06,-3.32427306783278e-06,-3.02104830676167e-05,6.38412096452597e-06,-3.32427306783278e-06,1.24523792319097e-05],"inv_S":[1016305.5684856,-526286.02488303,-1581246.60698826,2313329.82776663,-526286.02488303,478673.10076107,1043158.05768725,-1243739.81036697,-1581246.60698826,1043158.05768725,3124339.09257157,-3536971.84699162,2313329.82776663,-1243739.81036697,-3536971.84699162,5386049.96584358],"diff":[-0.0147539990681055,-0.000917066604690131,-0.00563833054206855,0.00612466747419177]}}
