{"description":{"TestName":"HadGEM2-CC","variable":"hfss","neof1":2,"neof2":2,"TestPeriod":"1980-2005","nref":12,"ntest":1,"CommonSpace":"CCM"},"hotelling_res":{"T2":{"statistic":34.676689094473,"mu":4,"nu":1584,"p_value":0,"conf_int":[17.8941969485842,65.0615558658226],"threshold_95":9.52827194591272,"threshold_99":13.349435656066},"Ts2":{"statistic":2.86294211402007,"conf_int":[0.902942114020069,4.82294211402007],"threshold_95":0.78666365619483,"threshold_99":1.10214275169206},"explvar.model.neof1":87.9747141378399,"explvar.model.neof2":87.7467646326142,"explvar.refmean.neof1":88.943279448718,"explvar.refmean.neof2":88.6573787599353,"S":[6.42135429831095,1.59007208688645,0.584292610214995,-1.46447395778132,1.59007208688645,1.53897774464702,0.236157857041315,-0.165340350232846,0.584292610214995,0.236157857041315,0.400793634101741,-0.107963361354326,-1.46447395778132,-0.165340350232846,-0.107963361354326,0.467330103044686],"inv_S":[0.974816038184533,-0.667526846261243,-0.286360136035334,2.75245948800113,-0.667526846261243,1.18373439224477,-0.186624013023831,-1.71614277360572,-0.286360136035334,-0.186624013023831,2.94631978904765,-0.282731312480197,2.75245948800113,-1.71614277360572,-0.282731312480197,10.0927223373876],"diff":[-2.60219865168511,-0.933267250926366,-0.654571811252601,2.34336821015345]}}
