{"description":{"TestName":"ACCESS1-3","variable":"tauu","neof1":2,"neof2":2,"TestPeriod":"1980-2005","nref":9,"ntest":1,"CommonSpace":"CCM"},"hotelling_res":{"T2":{"statistic":176.528069752573,"mu":4,"nu":648.00000000001,"p_value":0,"conf_int":[131.058433111651,235.664579257132],"threshold_95":9.58736439446418,"threshold_99":13.4556581611028},"Ts2":{"statistic":6.6058775948549,"conf_int":[4.6458775948549,8.5658775948549],"threshold_95":0.35876988705462,"threshold_99":0.503525761625568},"explvar.model.neof1":80.274393711772,"explvar.model.neof2":80.0106616085827,"explvar.refmean.neof1":84.813212121086,"explvar.refmean.neof2":84.5465819940545,"S":[7.69463866336154e-05,1.65638487687066e-05,1.35292203608492e-05,3.02476862900494e-05,1.65638487687066e-05,1.10545182690902e-05,4.88699932677673e-06,7.50961840043151e-06,1.35292203608492e-05,4.88699932677673e-06,4.35849515508337e-06,4.48883167645328e-06,3.02476862900494e-05,7.50961840043151e-06,4.48883167645328e-06,1.29822564630306e-05],"inv_S":[1494806.9583287,1061848.91855859,-2502133.98407414,-3231862.96234659,1061848.91855859,960851.589003259,-1945992.83911358,-2356976.04169376,-2502133.98407414,-1945992.83911358,4682195.96067503,5336502.02422893,-3231862.96234659,-2356976.04169376,5336502.02422893,7125241.17861709],"diff":[-0.00430955473147959,0.000881914189854301,0.00286374472689621,0.00106340033933293]}}
