{"description":{"TestName":"BNU-ESM","variable":"tauv","neof1":2,"neof2":2,"TestPeriod":"1980-2005","nref":8,"ntest":1,"CommonSpace":"CCM"},"hotelling_res":{"T2":{"statistic":798.495302814272,"mu":4,"nu":448.000000000001,"p_value":0,"conf_int":[694.462941605404,916.207025644759],"threshold_95":9.63242917312146,"threshold_99":13.5368355379219},"Ts2":{"statistic":14.1111684466644,"conf_int":[12.1511684466644,16.0711684466644],"threshold_95":0.170226211893067,"threshold_99":0.239225660861326},"explvar.model.neof1":88.6801840744431,"explvar.model.neof2":88.5788920328824,"explvar.refmean.neof1":89.5547373949755,"explvar.refmean.neof2":89.4198198284398,"S":[3.17860457290364e-05,-1.09638363348458e-06,-3.6984466604867e-07,-1.17481999003743e-05,-1.09638363348458e-06,6.66191174920014e-06,-2.09133614382067e-06,4.42041360695352e-06,-3.6984466604867e-07,-2.09133614382067e-06,1.61154613720499e-06,-1.16496960530751e-06,-1.17481999003743e-05,4.42041360695352e-06,-1.16496960530751e-06,7.80399547187039e-06],"inv_S":[150970.495197546,-190245.384219444,33576.9971068468,340045.17715769,-190245.384219444,605669.696287594,322047.483808204,-581391.398415675,33576.9971068468,322047.483808204,1065845.3939594,27237.801872194,340045.17715769,-581391.398415675,27237.8018721938,973429.623787945],"diff":[-0.135424963015478,-0.00103681894579026,-0.000755088404799056,0.0609825063590727]}}
