{"description":{"TestName":"GISS-E2-H-CC","variable":"tauu","neof1":2,"neof2":2,"TestPeriod":"1980-2005","nref":9,"ntest":1,"CommonSpace":"CCM"},"hotelling_res":{"T2":{"statistic":100.698424386271,"mu":4,"nu":648.000000000003,"p_value":0,"conf_int":[67.8966809240569,147.155027917162],"threshold_95":9.58736439446422,"threshold_99":13.4556581611028},"Ts2":{"statistic":4.96833406126243,"conf_int":[3.00833406126243,6.92833406126243],"threshold_95":0.473028544081622,"threshold_99":0.663885310678457},"explvar.model.neof1":82.9843778360518,"explvar.model.neof2":82.7163749683938,"explvar.refmean.neof1":83.5742907152354,"explvar.refmean.neof2":83.2326354208006,"S":[7.89883428315016e-05,-7.23007162108416e-06,1.0869260286086e-05,-2.68959410955549e-05,-7.23007162108416e-06,7.14901415965107e-06,-3.38071662769083e-06,1.42263684909401e-06,1.0869260286086e-05,-3.38071662769083e-06,2.92671562194998e-06,-3.01859731157771e-06,-2.68959410955549e-05,1.42263684909401e-06,-3.01859731157771e-06,9.6072600921349e-06],"inv_S":[1447929.79111605,-189867.534277514,-2051755.29155393,3436996.9792947,-189867.534277512,411338.145285454,842128.274784365,-327856.708815268,-2051755.29155393,842128.274784367,4262746.50496066,-4529326.42838635,3436996.9792947,-327856.708815274,-4529326.42838636,8351546.22508808],"diff":[-0.00754830194726994,0.0110885115588765,-0.00351689807746712,0.0047301934196614]}}
