{"description":{"TestName":"GFDL-ESM2G","variable":"tauu","neof1":2,"neof2":2,"TestPeriod":"1980-2005","nref":9,"ntest":1,"CommonSpace":"CCM"},"hotelling_res":{"T2":{"statistic":28.8682626885593,"mu":4,"nu":647.999999999994,"p_value":0,"conf_int":[14.0514004196667,57.2716521276701],"threshold_95":9.58736439446424,"threshold_99":13.4556581611029},"Ts2":{"statistic":2.5979725566799,"conf_int":[0.637972556679899,4.5579725566799],"threshold_95":0.862805976806465,"threshold_99":1.2109294906917},"explvar.model.neof1":84.2736886137224,"explvar.model.neof2":84.062079729573,"explvar.refmean.neof1":84.6463664222304,"explvar.refmean.neof2":84.432495947758,"S":[7.53162921794484e-05,-1.43079285648488e-05,9.18622882552514e-06,-2.95362330859162e-05,-1.43079285648488e-05,1.09975422975871e-05,-4.2108357392874e-06,5.94462760945328e-06,9.18622882552514e-06,-4.2108357392874e-06,3.27406196101093e-06,-2.99357085374418e-06,-2.95362330859162e-05,5.94462760945328e-06,-2.99357085374418e-06,1.21376874683268e-05],"inv_S":[947231.141742902,-410390.340845917,-1154543.48434657,2221267.42724567,-410390.340845917,373297.658912769,711812.442511307,-1005927.97299958,-1154543.48434657,711812.442511307,2030629.3171095,-2657301.29447631,2221267.42724567,-1005927.97299958,-2657301.29447631,5324978.10168488],"diff":[-0.0346705039937166,-0.00256638265690178,-0.00289389694778454,0.0130511992765821]}}
