{"description":{"TestName":"CESM1-CAM5","variable":"tauv","neof1":2,"neof2":2,"TestPeriod":"1980-2005","nref":8,"ntest":1,"CommonSpace":"CCM"},"hotelling_res":{"T2":{"statistic":38.5559869851858,"mu":4,"nu":448,"p_value":0,"conf_int":[20.5464704594934,70.1758495510857],"threshold_95":9.63242917312144,"threshold_99":13.5368355379219},"Ts2":{"statistic":3.0271527906994,"conf_int":[1.0671527906994,4.9871527906994],"threshold_95":0.756272556680562,"threshold_99":1.06281988038859},"explvar.model.neof1":89.5419668094884,"explvar.model.neof2":89.3904984895668,"explvar.refmean.neof1":90.6684784275388,"explvar.refmean.neof2":90.5234001694232,"S":[3.14151087791596e-05,-9.74430088264926e-07,-4.60793738241886e-07,-1.21638872540235e-05,-9.74430088264926e-07,9.20303150537702e-06,-2.04204192385744e-06,5.10154945378937e-06,-4.60793738241886e-07,-2.04204192385744e-06,1.6379207279336e-06,-1.03992147778522e-06,-1.21638872540235e-05,5.10154945378937e-06,-1.03992147778522e-06,8.07575971238381e-06],"inv_S":[185993.805557159,-191450.701094268,74371.9279136119,410666.486328852,-191450.701094268,409620.595291701,119195.854695955,-531780.326628455,74371.9279136119,119195.854695955,874903.082453095,149385.165975276,410666.486328852,-531780.326628455,149385.165975276,1097550.40167005],"diff":[0.00475334769921899,-0.000646040710685606,0.00629316800295769,-0.00495399889791351]}}
