{"description":{"TestName":"ACCESS1-3","variable":"hfls","neof1":3,"neof2":3,"TestPeriod":"1980-2005","nref":12,"ntest":1,"CommonSpace":"CCM"},"hotelling_res":{"T2":{"statistic":1036.55342037125,"mu":9,"nu":1584.00000000001,"p_value":0,"conf_int":[921.943615659224,1174.83885423746],"threshold_95":17.0584339832777,"threshold_99":21.8775081701154},"Ts2":{"statistic":16.0629454943873,"conf_int":[14.1029454943873,18.0229454943873],"threshold_95":0.264345946777019,"threshold_99":0.339024708599887},"explvar.model.neof1":85.8526648747981,"explvar.model.neof2":85.5551051233417,"explvar.refmean.neof1":86.808280411303,"explvar.refmean.neof2":86.60958534458,"S":[88.2456530820428,4.79992697158767,-3.88655508767547,44.4110175483665,-35.4327872300802,-2.39824413605877,1.10695176863878,0.438752891306799,26.1651013381506,4.79992697158767,11.9556978939313,-6.21109627979775,3.88794042525321,8.23054346447512,4.58378151629917,-0.973411683142586,-0.978685133188308,1.96035818671291,-3.88655508767547,-6.21109627979775,7.65940883448326,-1.37786540250837,-4.77609036161507,0.432650513884169,-0.310721404877728,0.503164650798645,2.247440644511,44.4110175483665,3.88794042525321,-1.37786540250837,33.6360934913171,-17.087336183824,0.278499178501119,1.55453177160705,0.0696783403112334,11.8011550718083,-35.4327872300802,8.23054346447512,-4.77609036161507,-17.087336183824,24.7953210314951,5.99424584162242,-0.993612241017753,-1.29412813356753,-11.4116722456686,-2.39824413605877,4.58378151629917,0.432650513884169,0.278499178501119,5.99424584162242,6.14213497837001,-0.832168171279288,-0.841700386220613,1.55316558750241,1.10695176863878,-0.973411683142586,-0.310721404877728,1.55453177160705,-0.993612241017753,-0.832168171279288,0.979668442991238,0.207427570533123,-1.79717873981079,0.438752891306799,-0.978685133188308,0.503164650798645,0.0696783403112334,-1.29412813356753,-0.841700386220613,0.207427570533123,0.272985634040799,-0.102845604472326,26.1651013381506,1.96035818671291,2.247440644511,11.8011550718083,-11.4116722456686,1.55316558750241,-1.79717873981079,-0.102845604472326,14.0645394297975],"inv_S":[0.600131910329684,-0.225067904113594,0.909483348726779,-0.0137153200216185,1.0372282018052,-0.720426707198448,-0.843796500113529,-0.260835918139744,-0.407498624518963,-0.225067904113593,0.952541661806369,0.18102529662946,-0.154756512031741,-1.030540982363,0.180888062212964,-0.0728177892878025,-0.972798124168641,-0.485689275937565,0.90948334872678,0.181025296629459,2.18264087680297,-0.0775033597540387,1.71929575412005,-1.84876169361469,-0.153288564981937,-2.41466553000184,-0.439024476726894,-0.0137153200216188,-0.154756512031741,-0.0775033597540392,0.141820179376511,0.108229094539367,0.0124935214399828,-0.392779651463527,0.416304094839781,-0.0202371746475465,1.0372282018052,-1.030540982363,1.71929575412005,0.108229094539367,3.25495135173048,-2.2980023478838,1.40543672579373,-0.936013396183517,0.915989985140674,-0.720426707198449,0.180888062212963,-1.84876169361469,0.0124935214399828,-2.2980023478838,2.48192822365878,-1.88178066438711,3.11430506063635,-0.75633633051791,-0.843796500113526,-0.0728177892878,-0.15328856498193,-0.392779651463528,1.40543672579374,-1.88178066438711,12.200045470396,-5.12197701603126,4.80360700880701,-0.260835918139746,-0.972798124168642,-2.41466553000185,0.416304094839781,-0.936013396183518,3.11430506063635,-5.12197701603125,13.6191717091964,-1.0008977964843,-0.407498624518962,-0.485689275937564,-0.439024476726891,-0.0202371746475473,0.915989985140675,-0.756336330517912,4.80360700880701,-1.0008977964843,2.41725418144377],"diff":[-17.5184948418823,2.81496342586996,17.1809773831613,-1.90441751349514,3.71417702777877,-4.28802551453843,-1.46075850514945,-2.67867988506605,0.753474751191973]}}
