{"description":{"TestName":"ACCESS1-0","variable":"hfss","neof1":2,"neof2":2,"TestPeriod":"1980-2005","nref":12,"ntest":1,"CommonSpace":"CCM"},"hotelling_res":{"T2":{"statistic":34.4260974204134,"mu":4,"nu":1584,"p_value":0,"conf_int":[17.7250495634988,64.7289443986219],"threshold_95":9.52827194591271,"threshold_99":13.349435656066},"Ts2":{"statistic":2.85201283305784,"conf_int":[0.892012833057844,4.81201283305784],"threshold_95":0.789364926693504,"threshold_99":1.10592732426896},"explvar.model.neof1":89.3959438898832,"explvar.model.neof2":89.2475104261129,"explvar.refmean.neof1":88.7611835612351,"explvar.refmean.neof2":88.4707267144505,"S":[6.37166182275909,-1.59356437465016,0.72505085829766,1.39185376327396,-1.59356437465016,1.51161539106023,-0.347137144627407,-0.0760678023726036,0.72505085829766,-0.347137144627407,0.464648789490841,0.14046378560805,1.39185376327396,-0.0760678023726036,0.14046378560805,0.497506595239147],"inv_S":[0.830712704219921,0.748233868229713,-0.0757516694498069,-2.18825989788262,0.748233868229713,1.47366336545933,0.54457552601037,-2.02173587489121,-0.0757516694498072,0.544575526010369,2.82947826215077,-0.503670344690446,-2.18825989788262,-2.02173587489121,-0.503670344690447,7.96511292542261],"diff":[-1.54356909167764,1.05032501115951,-0.608283945499354,-2.24197327298957]}}
