{"description":{"TestName":"MPI-ESM-LR","variable":"hfss","neof1":2,"neof2":2,"TestPeriod":"1980-2005","nref":12,"ntest":1,"CommonSpace":"CCM"},"hotelling_res":{"T2":{"statistic":172.112968752122,"mu":4,"nu":1584,"p_value":0,"conf_int":[127.295727623973,230.596672531674],"threshold_95":9.52827194591271,"threshold_99":13.349435656066},"Ts2":{"statistic":6.52180845974421,"conf_int":[4.56180845974421,8.48180845974421],"threshold_95":0.36105102964724,"threshold_99":0.505844870527625},"explvar.model.neof1":84.3352868871032,"explvar.model.neof2":84.2360440166691,"explvar.refmean.neof1":86.8440165465691,"explvar.refmean.neof2":86.6538324271971,"S":[6.42831647004459,-0.802939783133051,0.91893926029391,1.55223179752161,-0.802939783133051,0.675730095702286,-0.222049439981744,-0.0452906216513513,0.91893926029391,-0.222049439981744,0.49733545032684,0.159363116156154,1.55223179752161,-0.0452906216513513,0.159363116156154,0.535650767424524],"inv_S":[0.910557789269906,0.727830394723091,-0.587736603884857,-2.40225423826946,0.727830394723091,2.32026856094817,0.336139106757876,-2.01295940836166,-0.587736603884857,0.336139106757876,2.97558178337991,0.846315241974902,-2.40225423826946,-2.01295940836166,0.846315241974903,8.40625286293869],"diff":[-1.32072958554138,0.785344773315683,0.223350269028407,-4.71371587941323]}}
