{"description":{"TestName":"FIO-ESM","variable":"hfss","neof1":2,"neof2":2,"TestPeriod":"1980-2005","nref":12,"ntest":1,"CommonSpace":"CCM"},"hotelling_res":{"T2":{"statistic":115.006907861009,"mu":4,"nu":1584,"p_value":0,"conf_int":[79.5239014814746,164.148247330352],"threshold_95":9.52827194591269,"threshold_99":13.349435656066},"Ts2":{"statistic":5.31603926520492,"conf_int":[3.35603926520492,7.27603926520492],"threshold_95":0.440431524819694,"threshold_99":0.617059665683205},"explvar.model.neof1":86.6393346590206,"explvar.model.neof2":86.5468963276366,"explvar.refmean.neof1":87.9383263635145,"explvar.refmean.neof2":87.7530457749521,"S":[6.29105995986585,-0.683636720422897,1.05879250958868,1.09524050126253,-0.683636720422897,0.696922091634788,-0.276239702746276,0.11013874912268,1.05879250958868,-0.276239702746276,0.566318655770445,0.161152132509413,1.09524050126253,0.11013874912268,0.161152132509413,0.41395421946586],"inv_S":[0.528985030905899,0.652751120590102,-0.250673782017292,-1.47567624403467,0.652751120590102,2.95418261358416,1.05229804866638,-2.92271333384191,-0.250673782017292,1.05229804866638,2.9674120171355,-0.771958520249269,-1.47567624403467,-2.92271333384191,-0.771958520249269,7.39822665788969],"diff":[-1.17430849090022,3.26745182122206,0.643310048925666,-2.38457842561087]}}
