{"description":{"TestName":"bcc-csm1-1-m","variable":"tauu","neof1":2,"neof2":2,"TestPeriod":"1980-2005","nref":9,"ntest":1,"CommonSpace":"CCM"},"hotelling_res":{"T2":{"statistic":36.1000147868026,"mu":4,"nu":647.999999999992,"p_value":0,"conf_int":[18.8601149521146,66.9454092799854],"threshold_95":9.58736439446421,"threshold_99":13.4556581611029},"Ts2":{"statistic":2.92425211048471,"conf_int":[0.964252110484708,4.88425211048471],"threshold_95":0.776616595036611,"threshold_99":1.0899645611766},"explvar.model.neof1":84.1980552929767,"explvar.model.neof2":84.0754814684097,"explvar.refmean.neof1":85.1953820712297,"explvar.refmean.neof2":85.0669312804064,"S":[7.9733455842521e-05,-1.16227741278765e-05,1.30271457256345e-05,-2.98944303845494e-05,-1.16227741278765e-05,9.3860933070511e-06,-4.37672497722439e-06,4.47816758114206e-06,1.30271457256345e-05,-4.37672497722439e-06,3.80923380267704e-06,-4.0600320874649e-06,-2.98944303845494e-05,4.47816758114206e-06,-4.0600320874649e-06,1.25652911237022e-05],"inv_S":[493569.596466983,-338138.656808437,-1062280.60971734,951536.262336588,-338138.656808437,461376.040671193,997250.050595634,-646679.370950849,-1062280.60971734,997250.050595634,3002857.08262143,-1912445.182275,951536.262336588,-646679.370950849,-1912445.182275,1955942.29370991],"diff":[-0.022062439658301,0.00733009069818599,-0.00183574017635345,0.00841797555466]}}
