{"description":{"TestName":"HadGEM2-AO","variable":"tauv","neof1":2,"neof2":2,"TestPeriod":"1980-2005","nref":8,"ntest":1,"CommonSpace":"CCM"},"hotelling_res":{"T2":{"statistic":24.7800171027196,"mu":4,"nu":447.999999999999,"p_value":0,"conf_int":[11.4599299991749,51.6711461685421],"threshold_95":9.63242917312143,"threshold_99":13.5368355379219},"Ts2":{"statistic":2.39423172464772,"conf_int":[0.434231724647716,4.35423172464772],"threshold_95":0.930680048206197,"threshold_99":1.30792165969386},"explvar.model.neof1":88.8733379372263,"explvar.model.neof2":88.7208230626244,"explvar.refmean.neof1":90.7261010039611,"explvar.refmean.neof2":90.5812154009073,"S":[3.35774724313578e-05,-4.84694369987911e-07,2.89279968560081e-07,-1.29144035303871e-05,-4.84694369987911e-07,8.34499260552497e-06,-2.47353814944351e-06,3.88406587918357e-06,2.89279968560081e-07,-2.47353814944351e-06,1.77878933298232e-06,-1.25377957562637e-06,-1.29144035303871e-05,3.88406587918357e-06,-1.25377957562637e-06,7.52709711387063e-06],"inv_S":[185472.501022973,-176561.457755625,14535.9399064651,411748.098015689,-176561.457755625,405291.346472762,262150.248005684,-468399.108354914,14535.9399064651,262150.248005684,959203.6891369,49440.5942719531,411748.098015689,-468399.108354914,49440.5942719531,1089232.88334383],"diff":[0.0186719250761239,-0.00893405818188401,0.00322772145747488,-0.0132217394150087]}}
