{"description":{"TestName":"CanCM4","variable":"hfss","neof1":2,"neof2":2,"TestPeriod":"1980-2005","nref":12,"ntest":1,"CommonSpace":"CCM"},"hotelling_res":{"T2":{"statistic":185.348781039733,"mu":4,"nu":1584,"p_value":0,"conf_int":[138.59952106222,245.765675083847],"threshold_95":9.52827194591238,"threshold_99":13.3494356560661},"Ts2":{"statistic":6.7707114026576,"conf_int":[4.8107114026576,8.7307114026576],"threshold_95":0.348063683774548,"threshold_99":0.487649153711968},"explvar.model.neof1":82.5153720049238,"explvar.model.neof2":82.4075112763644,"explvar.refmean.neof1":85.6093330462552,"explvar.refmean.neof2":85.1309024959781,"S":[6.11998967342364,-1.24263654348856,0.960506828745874,1.27515556795514,-1.24263654348856,1.10772365506323,-0.27728928498033,-0.030777045701576,0.960506828745874,-0.27728928498033,0.595268971889363,0.203164143690123,1.27515556795514,-0.030777045701576,0.203164143690123,0.454596183801745],"inv_S":[0.766932457912713,0.754472808129635,-0.199720659520961,-2.01093125208985,0.754472808129635,1.77530499093803,0.343206188758697,-2.14950935705915,-0.199720659520962,0.343206188758696,2.31620633847918,-0.451680636800039,-2.01093125208985,-2.14950935705915,-0.451680636800039,7.89681056038445],"diff":[-2.51332412237305,0.524562599941478,0.0660328463699196,-5.31826287781947]}}
