{"description":{"TestName":"bcc-csm1-1-m","variable":"hfss","neof1":2,"neof2":2,"TestPeriod":"1980-2005","nref":12,"ntest":1,"CommonSpace":"CCM"},"hotelling_res":{"T2":{"statistic":152.970445032535,"mu":4,"nu":1584,"p_value":0,"conf_int":[111.082651998091,208.522649310583],"threshold_95":9.52827194591271,"threshold_99":13.349435656066},"Ts2":{"statistic":6.14402670090609,"conf_int":[4.18402670090609,8.10402670090609],"threshold_95":0.382701097827957,"threshold_99":0.536177358282859},"explvar.model.neof1":81.9072057624099,"explvar.model.neof2":81.8632990935433,"explvar.refmean.neof1":85.3183395897883,"explvar.refmean.neof2":85.2585484424105,"S":[6.46756874905544,1.08121924031814,0.543669027744734,-0.777270241719951,1.08121924031814,0.485026362836829,0.176282120884964,0.065068516004818,0.543669027744734,0.176282120884964,0.369814007693415,0.0981086183825634,-0.777270241719951,0.065068516004818,0.0981086183825634,0.335982529627956],"inv_S":[0.992318615489444,-2.17481939717623,-1.23886072754036,3.07859731983747,-2.17481939717623,7.26697827389099,1.56238014101357,-6.89487292761959,-1.23886072754036,1.56238014101357,5.00922629539987,-4.63131105981653,3.07859731983747,-6.89487292761959,-4.63131105981653,12.7861194643839],"diff":[-0.754516051481133,5.77072366157663,-1.34174513000463,3.68895985869225]}}
