{"description":{"TestName":"MIROC-ESM-CHEM","variable":"hfls","neof1":3,"neof2":3,"TestPeriod":"1980-2005","nref":12,"ntest":1,"CommonSpace":"CCM"},"hotelling_res":{"T2":{"statistic":744.212708653787,"mu":9,"nu":1583.9999999999,"p_value":0,"conf_int":[648.825256377535,863.272938778374],"threshold_95":17.0584339832779,"threshold_99":21.8775081701157},"Ts2":{"statistic":13.5990786000004,"conf_int":[11.6390786000004,15.5590786000004],"threshold_95":0.311710592729789,"threshold_99":0.399770051919336},"explvar.model.neof1":87.2857467491171,"explvar.model.neof2":87.2292683453804,"explvar.refmean.neof1":85.1226523624169,"explvar.refmean.neof2":85.0635980499043,"S":[83.53463856831,4.37952942090071,11.2596476979017,44.9734255036315,-29.7507749176245,1.81586001754644,4.00123838646387,4.36538527874524,-22.028838531257,4.37952942090071,16.9982797665244,11.9777957077222,5.06671277314219,11.2896359223621,-1.92812194227626,-0.901788592604582,-0.0707138335316503,-3.61760116297569,11.2596476979017,11.9777957077222,14.2512808302014,6.62866063071271,5.94419815614704,1.49921120364893,0.150227665715165,0.0893365958220679,-1.00606862659653,44.9734255036315,5.06671277314219,6.62866063071271,36.9586287121688,-13.7604311648245,0.57191535888845,3.5237196765766,2.08354378537306,-10.5361242224073,-29.7507749176245,11.2896359223621,5.94419815614704,-13.7604311648245,22.6180834474137,-2.68714793974412,-1.74820407786882,-2.23412770905684,7.97181316298023,1.81586001754644,-1.92812194227626,1.49921120364893,0.57191535888845,-2.68714793974412,3.28457660895576,0.536976657135719,0.3147268959644,2.10287941643623,4.00123838646387,-0.901788592604582,0.150227665715165,3.5237196765766,-1.74820407786882,0.536976657135719,0.892083805513366,0.0967403099663145,0.558683362187466,4.36538527874524,-0.0707138335316503,0.0893365958220679,2.08354378537306,-2.23412770905684,0.3147268959644,0.0967403099663145,0.510150508492155,-1.62970397455649,-22.028838531257,-3.61760116297569,-1.00606862659653,-10.5361242224073,7.97181316298023,2.10287941643623,0.558683362187466,-1.62970397455649,11.5059190845625],"inv_S":[0.603769843022176,0.703171331368837,-0.741321422226491,0.0983736728358474,-0.299780069515299,-0.639776307298167,-3.87670219894677,1.08514652310364,2.06887241232398,0.703171331368825,5.08072134203808,-1.0642610297554,0.367412777734147,-5.84052030066954,-6.51829276992988,-13.7573222952023,6.34400580924036,9.99155445194121,-0.741321422226491,-1.06426102975541,1.28397021565881,-0.100783421576965,0.226923165145617,0.200569500200746,4.22061039033863,-0.658905563163332,-2.22608854846504,0.0983736728358465,0.367412777734149,-0.100783421576964,0.204613520560078,-0.48973862065288,-0.711462175876491,-2.23530797115999,0.906558203252143,1.18870329309892,-0.29978006951528,-5.84052030066954,0.226923165145597,-0.489738620652877,7.8222286935144,8.91311036714131,15.5814448178214,-8.1899315948004,-11.8040919188626,-0.639776307298149,-6.51829276992988,0.200569500200729,-0.711462175876489,8.91311036714132,11.5018422115165,20.1896738456042,-11.8882694577102,-14.8500098982843,-3.87670219894674,-13.7573222952023,4.2206103903386,-2.23530797115999,15.5814448178216,20.1896738456043,54.7907130509509,-23.0396057680416,-33.8347785288797,1.08514652310362,6.34400580924039,-0.658905563163317,0.906558203252142,-8.18993159480044,-11.8882694577102,-23.0396057680416,18.1217845261758,16.3773528121811,2.06887241232395,9.99155445194123,-2.22608854846502,1.18870329309891,-11.8040919188626,-14.8500098982843,-33.8347785288796,16.3773528121811,22.9382808424391],"diff":[-8.34253685979136,6.76510564738872,-6.92290651799713,2.22839517322708,7.70456494930233,-1.93212054123657,0.0645144511928963,1.44684275175285,4.20058610324289]}}
