{"description":{"TestName":"MPI-ESM-MR","variable":"tauu","neof1":2,"neof2":2,"TestPeriod":"1980-2005","nref":9,"ntest":1,"CommonSpace":"CCM"},"hotelling_res":{"T2":{"statistic":209.261188673702,"mu":4,"nu":648.000000000007,"p_value":0,"conf_int":[159.187409664946,273.004343431603],"threshold_95":9.58736439446428,"threshold_99":13.4556581611029},"Ts2":{"statistic":7.19861310569831,"conf_int":[5.23861310569831,9.15861310569831],"threshold_95":0.329806627863093,"threshold_99":0.462876455009283},"explvar.model.neof1":85.3794002753741,"explvar.model.neof2":85.2674873294926,"explvar.refmean.neof1":85.6352424938341,"explvar.refmean.neof2":85.5385894896625,"S":[7.79580860608703e-05,-1.23059294267879e-05,1.29006718827936e-05,-2.97797464707038e-05,-1.23059294267879e-05,9.42838059094664e-06,-3.83217581876175e-06,5.13116643106013e-06,1.29006718827936e-05,-3.83217581876175e-06,3.79065273711052e-06,-3.97080017281745e-06,-2.97797464707038e-05,5.13116643106013e-06,-3.97080017281745e-06,1.28555790576076e-05],"inv_S":[464506.787491914,-242535.332201038,-883260.22102867,900008.7534148,-242535.332201038,311452.364505742,623157.142121276,-493662.87622632,-883260.221028671,623157.142121276,2211469.77170904,-1611711.44561361,900008.7534148,-493662.87622632,-1611711.44561361,1861862.05092965],"diff":[-0.0333842510864899,0.00599786337649665,-0.000848472529090249,0.00727953294961907]}}
