{"description":{"TestName":"FGOALS-s2","variable":"hfss","neof1":2,"neof2":2,"TestPeriod":"1980-2005","nref":12,"ntest":1,"CommonSpace":"CCM"},"hotelling_res":{"T2":{"statistic":298.996464529422,"mu":4,"nu":1584,"p_value":0,"conf_int":[237.8816129364,373.784748334247],"threshold_95":9.52827194591271,"threshold_99":13.349435656066},"Ts2":{"statistic":8.61698546073477,"conf_int":[6.65698546073477,10.5769854607348],"threshold_95":0.274601845052177,"threshold_99":0.384726599153536},"explvar.model.neof1":75.803389406918,"explvar.model.neof2":75.4921417114091,"explvar.refmean.neof1":83.6796063602603,"explvar.refmean.neof2":82.8170097540172,"S":[6.13053612673746,1.99319963405789,0.0869044871324297,-1.44812002735232,1.99319963405789,2.17739339963319,0.114983999994117,-0.266414756381458,0.0869044871324297,0.114983999994117,0.36990773892236,-0.048249781113565,-1.44812002735232,-0.266414756381458,-0.048249781113565,0.511747144300679],"inv_S":[0.800472305682154,-0.496780806930214,0.230927407226583,2.02829160447226,-0.496780806930214,0.804192424195947,-0.265286006784877,-1.0121199589918,0.230927407226583,-0.265286006784877,2.83365781352043,0.782530728531373,2.02829160447226,-1.0121199589918,0.782530728531373,7.24053466458122],"diff":[2.08795564976695,1.41981877884256,-4.9188622488806,5.77467023392932]}}
