{"description":{"TestName":"CESM1-FASTCHEM","variable":"hfls","neof1":3,"neof2":3,"TestPeriod":"1980-2005","nref":12,"ntest":1,"CommonSpace":"CCM"},"hotelling_res":{"T2":{"statistic":413.301174678527,"mu":9,"nu":1584.00000000002,"p_value":0,"conf_int":[345.057003385029,505.210065231962],"threshold_95":17.0584339832778,"threshold_99":21.8775081701156},"Ts2":{"statistic":10.1100153648355,"conf_int":[8.15001536483553,12.0700153648355],"threshold_95":0.417276892099604,"threshold_99":0.535159242932767},"explvar.model.neof1":84.8585960120302,"explvar.model.neof2":84.6569960181657,"explvar.refmean.neof1":88.1058841510326,"explvar.refmean.neof2":87.8735233564822,"S":[89.5544094634139,3.03865972543605,-5.57908551865301,44.3322144566103,-34.613052126228,0.412857329649129,4.06154700203063,1.87475193924048,27.0724155101138,3.03865972543605,12.6775212939891,-7.5729018741273,2.80378777664768,10.7289728043399,2.22472987947583,-1.08209622324706,-0.252146585076762,2.13027299693953,-5.57908551865301,-7.5729018741273,9.55528932527842,-1.81828021173693,-6.07787384724109,1.02222261348918,-0.0439515598537848,0.404799275507771,1.30264130546331,44.3322144566103,2.80378777664768,-1.81828021173693,33.019034950515,-15.7198949084713,1.56430473640966,3.38496301167616,0.924202381188366,11.8879748949002,-34.613052126228,10.7289728043399,-6.07787384724109,-15.7198949084713,26.853566416448,2.89823856460807,-2.34983904034251,-1.35494481634291,-10.8393293314446,0.412857329649129,2.22472987947583,1.02222261348918,1.56430473640966,2.89823856460807,3.26426591490866,-0.39094914928508,-0.21317958822431,2.26461982482927,4.06154700203063,-1.08209622324706,-0.0439515598537848,3.38496301167616,-2.34983904034251,-0.39094914928508,1.06053000551205,0.163487011299778,-0.720248652355835,1.87475193924048,-0.252146585076762,0.404799275507771,0.924202381188366,-1.35494481634291,-0.21317958822431,0.163487011299778,0.277654522233905,0.644524480067081,27.0724155101138,2.13027299693953,1.30264130546331,11.8879748949002,-10.8393293314446,2.26461982482927,-0.720248652355835,0.644524480067081,14.6839068330487],"inv_S":[0.549758513119095,-0.328502335292417,0.79480213530375,-0.0431647623636098,0.962778547976121,-0.899870416436149,-0.529140842506195,-0.326640577663986,-0.163617131381973,-0.328502335292417,1.30842697268086,-0.295035299961847,-0.0625035899454898,-1.769553858091,1.42991443858231,-1.32715828257887,-0.177944343856245,-1.09145154207813,0.79480213530375,-0.295035299961849,1.88345216156216,-0.181961364110799,2.02199114774015,-2.59252473400155,1.62526264360437,-2.32139107560284,0.631703755556373,-0.04316476236361,-0.0625035899454894,-0.181961364110799,0.202824585886678,-0.201005682486868,0.317739540951617,-1.20484369922491,0.590824768503652,-0.341825461862952,0.962778547976121,-1.769553858091,2.02199114774015,-0.201005682486867,4.1582389062322,-4.50179290632693,4.90922690964561,-2.42105051825005,2.57589308165997,-0.899870416436151,1.42991443858232,-2.59252473400155,0.317739540951616,-4.50179290632693,5.88373302060092,-6.99566331249739,4.53750253268979,-3.34846683572724,-0.529140842506192,-1.32715828257888,1.62526264360437,-1.20484369922491,4.90922690964562,-6.9956633124974,20.5859599963669,-8.27164789162545,8.07495467738789,-0.326640577663986,-0.177944343856243,-2.32139107560284,0.590824768503652,-2.42105051825005,4.5375025326898,-8.27164789162545,10.5691293840588,-3.00095465717976,-0.163617131381972,-1.09145154207813,0.631703755556373,-0.341825461862952,2.57589308165997,-3.34846683572725,8.07495467738789,-3.00095465717976,3.69448350578509],"diff":[-17.2784268653865,2.66061764234545,13.732991953308,-2.80765642751737,6.45269308849672,-0.586503085468213,-1.54971656236184,-1.9515056163103,-8.78165428876831]}}
