{"description":{"TestName":"HadCM3","variable":"tauv","neof1":2,"neof2":2,"TestPeriod":"1980-2005","nref":8,"ntest":1,"CommonSpace":"CCM"},"hotelling_res":{"T2":{"statistic":60.950310157843,"mu":4,"nu":447.999999999999,"p_value":0,"conf_int":[36.7884111851694,98.7489498001545],"threshold_95":9.63242917312143,"threshold_99":13.5368355379219},"Ts2":{"statistic":3.84102370269992,"conf_int":[1.88102370269992,5.80102370269992],"threshold_95":0.60702543879962,"threshold_99":0.853076974113115},"explvar.model.neof1":88.9885379204995,"explvar.model.neof2":88.8979727271878,"explvar.refmean.neof1":88.837293433298,"explvar.refmean.neof2":88.7195783769435,"S":[3.15160012665217e-05,1.46532309299965e-06,8.53264769887681e-07,1.09906496810089e-05,1.46532309299965e-06,7.50581560804693e-06,1.93866816134222e-06,4.90737585152014e-06,8.53264769887681e-07,1.93866816134222e-06,1.49663232673072e-06,1.61582265561611e-06,1.09906496810089e-05,4.90737585152014e-06,1.61582265561611e-06,7.7312934774876e-06],"inv_S":[112564.502301411,134083.242244586,34594.5145450548,-252357.834098481,134083.242244586,432077.91288967,-173366.958899574,-428634.666245499,34594.5145450547,-173366.958899574,1042545.77733106,-157025.270448918,-252357.834098481,-428634.666245499,-157025.270448918,792981.532319225],"diff":[0.00307359890040451,-0.00702292866142424,-0.00320374077379759,0.00461412268251075]}}
