{"description":{"TestName":"CMCC-CESM","variable":"tauu","neof1":2,"neof2":2,"TestPeriod":"1980-2005","nref":9,"ntest":1,"CommonSpace":"CCM"},"hotelling_res":{"T2":{"statistic":41.1434643498672,"mu":4,"nu":648.000000000001,"p_value":0,"conf_int":[22.3479407105919,73.5538287400323],"threshold_95":9.5873643944642,"threshold_99":13.4556581611029},"Ts2":{"statistic":3.13193942616905,"conf_int":[1.17193942616905,5.09193942616905],"threshold_95":0.729813228286614,"threshold_99":1.02427705021266},"explvar.model.neof1":85.2358088681766,"explvar.model.neof2":84.978287841839,"explvar.refmean.neof1":84.0911528837236,"explvar.refmean.neof2":83.7751698827183,"S":[7.78965468278868e-05,-9.52667559346714e-06,1.2635797416875e-05,-2.88283126635142e-05,-9.52667559346714e-06,8.436668166083e-06,-3.54970043008716e-06,3.81348253305088e-06,1.2635797416875e-05,-3.54970043008716e-06,3.60672908234905e-06,-3.84839447802699e-06,-2.88283126635142e-05,3.81348253305088e-06,-3.84839447802699e-06,1.20992123580827e-05],"inv_S":[417710.948731029,-250062.098782465,-852940.700690628,802784.239898501,-250062.098782465,352005.20195405,709018.372190675,-481242.207964247,-852940.700690628,709018.372190675,2355933.24812708,-1506388.12997108,802784.239898501,-481242.207964246,-1506388.12997108,1667955.52181101],"diff":[-0.0164701567995321,0.0106297461554464,5.04804492948469e-05,0.0120166789158234]}}
