{"description":{"TestName":"HadGEM2-CC","variable":"tauu","neof1":2,"neof2":2,"TestPeriod":"1980-2005","nref":9,"ntest":1,"CommonSpace":"CCM"},"hotelling_res":{"T2":{"statistic":18.7675240676501,"mu":4,"nu":648.00000000001,"p_value":0,"conf_int":[7.87294399677171,43.1985788864874],"threshold_95":9.58736439446419,"threshold_99":13.4556581611028},"Ts2":{"statistic":2.05913407089894,"conf_int":[0.0991340708989359,4.01913407089894],"threshold_95":1.0519058669435,"threshold_99":1.47632708853989},"explvar.model.neof1":82.5150916901444,"explvar.model.neof2":82.2662804496014,"explvar.refmean.neof1":86.089425473951,"explvar.refmean.neof2":85.8370666237143,"S":[8.00465997387989e-05,1.53906192306859e-05,1.29091804047167e-05,2.78345906032795e-05,1.53906192306859e-05,1.15492343112182e-05,5.00514057885263e-06,5.13412844273214e-06,1.29091804047167e-05,5.00514057885263e-06,3.87476085266467e-06,3.61128795365871e-06,2.78345906032795e-05,5.13412844273214e-06,3.61128795365871e-06,1.05059403263518e-05],"inv_S":[1006656.54468083,462833.752387698,-1846783.48909741,-2258422.66636393,462833.752387698,410696.855427102,-1092609.28246527,-1051370.11432971,-1846783.48909741,-1092609.28246527,4067418.64639335,4028714.94324499,-2258422.66636394,-1051370.11432971,4028714.94324499,5207652.82234941],"diff":[-0.0257055527265839,-0.00447133683025542,-0.00105913370935512,-0.010577701133887]}}
