{"description":{"TestName":"CMCC-CM","variable":"tauv","neof1":2,"neof2":2,"TestPeriod":"1980-2005","nref":8,"ntest":1,"CommonSpace":"CCM"},"hotelling_res":{"T2":{"statistic":29.027791192057,"mu":4,"nu":448,"p_value":0,"conf_int":[14.154590244319,57.4880372656262],"threshold_95":9.63242917312144,"threshold_99":13.5368355379219},"Ts2":{"statistic":2.60560491429503,"conf_int":[0.645604914295026,4.56560491429503],"threshold_95":0.864630196077466,"threshold_99":1.21509917748287},"explvar.model.neof1":89.8393544015925,"explvar.model.neof2":89.7596922962801,"explvar.refmean.neof1":90.1018158101654,"explvar.refmean.neof2":90.0298110093941,"S":[3.15537171272378e-05,-1.92350364588911e-06,8.34222589016097e-07,1.20546429614711e-05,-1.92350364588911e-06,7.39404038597608e-06,2.15641919552622e-06,1.97720675266869e-06,8.34222589016097e-07,2.15641919552622e-06,1.78475484041611e-06,1.46852023959951e-06,1.20546429614711e-05,1.97720675266869e-06,1.46852023959951e-06,6.71992395585632e-06],"inv_S":[186269.937751634,130511.112070127,75323.0965142181,-389004.184429356,130511.112070127,300600.590884992,-193602.667128324,-280256.882952411,75323.0965142181,-193602.667128324,1003818.57463726,-297522.478129964,-389004.184429356,-280256.882952411,-297522.478129964,994110.972091781],"diff":[0.00805526536849578,0.0118806557513418,0.00156440563960702,0.00615313596820298]}}
