{"description":{"TestName":"CanCM4","variable":"hfls","neof1":3,"neof2":3,"TestPeriod":"1980-2005","nref":12,"ntest":1,"CommonSpace":"CCM"},"hotelling_res":{"T2":{"statistic":233.755741521038,"mu":9,"nu":1583.99999999994,"p_value":0,"conf_int":[185.137528475063,306.024877664888],"threshold_95":17.0584339832777,"threshold_99":21.8775081701156},"Ts2":{"statistic":7.57199997071831,"conf_int":[5.61199997071831,9.53199997071831],"threshold_95":0.552570220442067,"threshold_99":0.708673464641278},"explvar.model.neof1":87.860705460104,"explvar.model.neof2":87.7925978238892,"explvar.refmean.neof1":87.1218712889657,"explvar.refmean.neof2":87.0526008037693,"S":[85.6093055914723,2.75212329668381,-8.97213646297453,-45.4470424015992,36.9483365844487,3.67182762551634,-0.969166349810406,-2.46622400304206,-24.7397584210624,2.75212329668381,14.9324955215138,-7.47093527004203,-4.00037525571568,-11.3715315553001,-2.90960047708803,1.16195417863062,2.07094162671083,-2.47712789705567,-8.97213646297453,-7.47093527004203,9.15632451721599,4.39302589025896,3.26609114929813,-1.5335599341168,0.0114764171499663,-0.851617082666171,-0.0168213834971765,-45.4470424015992,-4.00037525571568,4.39302589025896,36.8720306854358,-17.9911270305728,-0.887255955728049,1.24299356364502,0.716845742831396,11.7498984938568,36.9483365844487,-11.3715315553001,3.26609114929813,-17.9911270305728,28.7223096525838,5.06106385698872,-1.0374243695919,-3.24472512529339,-10.918061484362,3.67182762551634,-2.90960047708803,-1.5335599341168,-0.887255955728049,5.06106385698872,3.82077618192544,-0.530891208693256,-0.917838641122089,1.06589852198611,-0.969166349810406,1.16195417863062,0.0114764171499663,1.24299356364502,-1.0374243695919,-0.530891208693256,0.654677793170067,0.19905907369642,-1.33142132029379,-2.46622400304206,2.07094162671083,-0.851617082666171,0.716845742831396,-3.24472512529339,-0.917838641122089,0.19905907369642,0.640290928528736,0.623515595942323,-24.7397584210624,-2.47712789705567,-0.0168213834971765,11.7498984938568,-10.918061484362,1.06589852198611,-1.33142132029379,0.623515595942323,12.7086636944891],"inv_S":[0.683683183941784,-0.35611287598554,1.00715172630685,0.0305299071325921,-1.14754236240814,1.17977174515092,1.08437557237383,0.391528686157655,0.244197155886953,-0.356112875985542,2.75288130417422,-0.582577976479885,0.301209228600735,3.92077289463845,-3.91061848896989,6.25138424389826,-3.02530712436513,4.06378125988686,1.00715172630685,-0.582577976479886,2.03157424259673,0.0328387890952095,-2.17546207891732,2.84290733917579,-0.0771230525264485,1.88199229110204,-0.388421844355456,0.0305299071325921,0.301209228600733,0.03283878909521,0.138799946429776,0.361350046020624,-0.288159230591554,0.308166696570333,0.0068742005766565,0.356410995515229,-1.14754236240814,3.92077289463845,-2.17546207891731,0.361350046020626,6.8202942042797,-7.23853313106474,8.87080045663766,-4.63513616615757,5.81655963203533,1.17977174515093,-3.9106184889699,2.84290733917579,-0.288159230591557,-7.23853313106476,8.89208893207969,-10.7556031632224,7.16938063474697,-6.6384198296144,1.08437557237382,6.25138424389828,-0.0771230525264575,0.30816669657034,8.8708004566377,-10.7556031632225,31.9669371879805,-11.9912730801341,15.5047754692085,0.391528686157663,-3.02530712436515,1.88199229110205,0.00687420057665217,-4.63513616615761,7.169380634747,-11.9912730801342,11.9602479143467,-6.25779661309393,0.244197155886948,4.06378125988687,-0.38842184435546,0.356410995515232,5.81655963203535,-6.6384198296144,15.5047754692085,-6.2577966130939,8.50130433383814],"diff":[7.83405605042424,-5.89619921838202,-6.97456871049618,1.84663752584369,9.28278885755794,0.609910840263813,-1.23884556034219,0.452101768883651,-1.12502575728882]}}
