{"description":{"TestName":"GISS-E2-H-CC","variable":"tauv","neof1":2,"neof2":2,"TestPeriod":"1980-2005","nref":8,"ntest":1,"CommonSpace":"CCM"},"hotelling_res":{"T2":{"statistic":154.825191553269,"mu":4,"nu":448,"p_value":0,"conf_int":[112.645905355561,210.669109868452],"threshold_95":9.63242917312143,"threshold_99":13.5368355379219},"Ts2":{"statistic":6.18164010719505,"conf_int":[4.22164010719505,8.14164010719504],"threshold_95":0.384589935971732,"threshold_99":0.54047952175102},"explvar.model.neof1":87.280239314935,"explvar.model.neof2":87.2107861535806,"explvar.refmean.neof1":87.0652708754609,"explvar.refmean.neof2":86.9650581574038,"S":[3.10731036480313e-05,-2.53400844031539e-06,1.32782063875596e-06,-1.04554076121247e-05,-2.53400844031539e-06,6.76001876173593e-06,-1.8963057801231e-06,4.27652461948856e-06,1.32782063875596e-06,-1.8963057801231e-06,1.49519891299689e-06,-1.75999830753686e-06,-1.04554076121247e-05,4.27652461948856e-06,-1.75999830753686e-06,6.83629886685441e-06],"inv_S":[92861.1812084162,-79183.5828758503,61106.517234367,207287.51580594,-79183.5828758503,355058.210332994,167341.641473178,-300131.817988661,61106.517234367,167341.641473178,1167303.21043973,289294.632825676,207287.51580594,-300131.817988661,289294.632825677,725532.154186104],"diff":[-0.00801663153140682,0.0110194022519486,-0.00248297315021904,-0.00584548583264632]}}
