{"description":{"TestName":"GISS-E2-H","variable":"hfls","neof1":3,"neof2":3,"TestPeriod":"1980-2005","nref":12,"ntest":1,"CommonSpace":"CCM"},"hotelling_res":{"T2":{"statistic":1334.09136614439,"mu":9,"nu":1583.99999999997,"p_value":0,"conf_int":[1202.53922039645,1489.32076284801],"threshold_95":17.0584339832779,"threshold_99":21.8775081701156},"Ts2":{"statistic":18.2318848037399,"conf_int":[16.2718848037399,20.1918848037399],"threshold_95":0.23312301631496,"threshold_99":0.29898117840548},"explvar.model.neof1":86.6863607650029,"explvar.model.neof2":86.4651663775675,"explvar.refmean.neof1":86.1717312726216,"explvar.refmean.neof2":85.9894786333917,"S":[86.8121027539922,5.71723079934147,8.1878256604897,45.4876656682901,-29.9720611326291,3.99353876740341,-3.94074662705474,1.59656264785059,-25.4504066561703,5.71723079934147,17.4432474196016,5.41491573289381,5.26148620400056,10.4171391327988,-4.75448104187278,-1.3530610175989,-2.99817168306272,-2.80533692836137,8.1878256604897,5.41491573289381,6.16792655863605,4.02763357529065,1.46411077405865,1.85753778240451,0.016910606927266,-0.515954674514817,0.508604597577603,45.4876656682901,5.26148620400056,4.02763357529065,36.1012175805348,-13.2538354811712,1.04587561799073,-1.58253020107602,0.3673654252281,-11.32499131553,-29.9720611326291,10.4171391327988,1.46411077405865,-13.2538354811712,20.9853864296286,-5.94418616817922,1.097769156088,-3.0767537674344,9.88438177714505,3.99353876740341,-4.75448104187278,1.85753778240451,1.04587561799073,-5.94418616817922,5.98546689178654,0.452131791542523,1.79506223339455,0.900627160163206,-3.94074662705474,-1.3530610175989,0.016910606927266,-1.58253020107602,1.097769156088,0.452131791542523,0.782310178072678,0.246680516976419,2.79881545609948,1.59656264785059,-2.99817168306272,-0.515954674514817,0.3673654252281,-3.0767537674344,1.79506223339455,0.246680516976419,1.02144945174355,-0.0354231779033174,-25.4504066561703,-2.80533692836137,0.508604597577603,-11.32499131553,9.88438177714505,0.900627160163206,2.79881545609948,-0.0354231779033174,12.9804880406899],"inv_S":[0.759274762019825,-0.847246962103486,-1.22455748542257,-0.159857212614357,2.08360357604798,1.72136254419679,1.55226773453525,-1.3873038687437,-0.83044800731771,-0.847246962103487,2.97119496137309,0.925345594065499,-0.126464377738009,-5.36028778012233,-3.83386108353122,-9.89761970383737,3.72479685926752,5.32639030401979,-1.22455748542257,0.925345594065496,2.70147935701685,0.270478180562661,-3.09626202873192,-3.2995281724627,-3.04231634502542,3.14515859052695,1.18040034768371,-0.159857212614356,-0.12646437773801,0.27047818056266,0.13868171700376,0.0524724293461373,-0.0500567312367582,0.643052810496349,0.0420763620668225,-0.405383386612136,2.08360357604798,-5.36028778012233,-3.09626202873193,0.052472429346135,10.9147001202586,8.4603450024633,19.3535012572829,-7.58507526379025,-9.99808920922084,1.72136254419679,-3.83386108353121,-3.29952817246271,-0.0500567312367599,8.46034500246329,7.77078777646646,16.8032676121075,-8.09999874022786,-7.99466608238521,1.55226773453527,-9.89761970383737,-3.04231634502546,0.643052810496342,19.353501257283,16.8032676121075,63.1252744307335,-20.6951658367005,-27.9858788739143,-1.3873038687437,3.72479685926752,3.14515859052696,0.0420763620668249,-7.58507526379025,-8.09999874022786,-20.6951658367005,12.3455480062688,8.83224587959715,-0.830448007317711,5.32639030401979,1.18040034768371,-0.405383386612134,-9.99808920922083,-7.99466608238522,-27.9858788739143,8.83224587959716,13.4263888812777],"diff":[-6.16005546768355,3.38315833433262,-14.4641130460466,0.466398984048285,7.48626928245829,3.26631213920278,-4.8352586606155,-0.856785542334641,-0.813482056212443]}}
