{"description":{"TestName":"MIROC-ESM","variable":"hfss","neof1":2,"neof2":2,"TestPeriod":"1980-2005","nref":12,"ntest":1,"CommonSpace":"CCM"},"hotelling_res":{"T2":{"statistic":463.839580860215,"mu":4,"nu":1584,"p_value":0,"conf_int":[386.11820966805,555.237751156449],"threshold_95":9.52827194591269,"threshold_99":13.349435656066},"Ts2":{"statistic":10.74532651327,"conf_int":[8.78532651326997,12.70532651327],"threshold_95":0.220732333743888,"threshold_99":0.309253566990322},"explvar.model.neof1":84.7893774827267,"explvar.model.neof2":84.7270401841568,"explvar.refmean.neof1":84.3404543947633,"explvar.refmean.neof2":84.2516999751424,"S":[5.80418095506098,0.493244917959834,1.19579998648794,-0.827237176481545,0.493244917959834,0.151775679688727,0.232869885919553,-0.0374489999662071,1.19579998648794,0.232869885919553,0.692313168440909,-0.109897893412217,-0.827237176481545,-0.0374489999662071,-0.109897893412217,0.188703233603089],"inv_S":[0.794969988612844,-0.965731871202705,-0.579020599064084,2.95612259114496,-0.965731871202704,14.7887957023565,-3.87032387290467,-3.55269024419322,-0.579020599064084,-3.87032387290467,3.54969353737074,-1.23910585737949,2.95612259114496,-3.55269024419322,-1.23910585737949,16.8316918831251],"diff":[0.279957827121397,-0.903444346829753,1.30270168772745,4.95057966627168]}}
