{"description":{"TestName":"CESM1-BGC","variable":"tauu","neof1":2,"neof2":2,"TestPeriod":"1980-2005","nref":9,"ntest":1,"CommonSpace":"CCM"},"hotelling_res":{"T2":{"statistic":110.907667853599,"mu":4,"nu":648.000000000006,"p_value":0,"conf_int":[76.1751604825849,159.297604424469],"threshold_95":9.58736439446427,"threshold_99":13.4556581611029},"Ts2":{"statistic":5.21879044969201,"conf_int":[3.25879044969201,7.17879044969201],"threshold_95":0.451136036920316,"threshold_99":0.633159651307242},"explvar.model.neof1":85.1283115716115,"explvar.model.neof2":84.8297863685344,"explvar.refmean.neof1":85.9374135800068,"explvar.refmean.neof2":85.6089352421781,"S":[7.76357592152835e-05,-1.49091478168245e-05,1.1168761628183e-05,-2.97898334325247e-05,-1.49091478168245e-05,1.06150055308702e-05,-4.52964573546385e-06,5.97728539577006e-06,1.1168761628183e-05,-4.52964573546385e-06,3.5181643731875e-06,-3.5434182027615e-06,-2.97898334325247e-05,5.97728539577006e-06,-3.5434182027615e-06,1.21878002209989e-05],"inv_S":[1105164.35425723,-610742.323184996,-1799317.83609007,2477683.1813222,-610742.323184996,557256.983932505,1240933.30935692,-1405311.05878537,-1799317.83609007,1240933.30935692,3608103.90706307,-3957545.18781753,2477683.1813222,-1405311.05878537,-3957545.18781753,5676699.291672],"diff":[-0.0174056611733365,0.000669147247950334,-0.00478947203373624,0.00857605239057819]}}
