{"description":{"TestName":"CESM1-WACCM","variable":"hfss","neof1":2,"neof2":2,"TestPeriod":"1980-2005","nref":12,"ntest":1,"CommonSpace":"CCM"},"hotelling_res":{"T2":{"statistic":100.155059935401,"mu":4,"nu":1584,"p_value":0,"conf_int":[67.4587161133851,146.506112497664],"threshold_95":9.52827194591271,"threshold_99":13.349435656066},"Ts2":{"statistic":4.95464973778816,"conf_int":[2.99464973778816,6.91464973778816],"threshold_95":0.471361607979071,"threshold_99":0.660393772572334},"explvar.model.neof1":83.3045582402678,"explvar.model.neof2":83.261601331898,"explvar.refmean.neof1":86.9170696176644,"explvar.refmean.neof2":86.7684201791266,"S":[6.0941491125633,-0.866741363416511,0.849238223276399,1.32437065835923,-0.866741363416511,0.601771407783182,-0.247975877355799,-0.105608224731358,0.849238223276399,-0.247975877355799,0.559900677247661,0.142709436755948,1.32437065835923,-0.105608224731358,0.142709436755948,0.385809254383253],"inv_S":[0.968323682943035,0.708494265667311,-0.394315284271386,-2.98417968633875,0.708494265667311,2.57261987678871,0.557759876363382,-1.93415992045881,-0.394315284271386,0.557759876363382,2.48114947538083,0.588477793838175,-2.98417968633875,-1.93415992045881,0.588477793838175,12.0886563316531],"diff":[1.32047488993778,-0.0017753881209881,-0.338051229431498,-2.52318151952726]}}
