{"description":{"TestName":"IPSL-CM5A-LR","variable":"hfls","neof1":3,"neof2":3,"TestPeriod":"1980-2005","nref":12,"ntest":1,"CommonSpace":"CCM"},"hotelling_res":{"T2":{"statistic":852.195749222041,"mu":9,"nu":1583.99999999999,"p_value":0,"conf_int":[749.332312544941,978.733243968634],"threshold_95":17.0584339832778,"threshold_99":21.8775081701155},"Ts2":{"statistic":14.5578105028871,"conf_int":[12.5978105028871,16.5178105028871],"threshold_95":0.291404233864425,"threshold_99":0.373727067409866},"explvar.model.neof1":84.7799397822912,"explvar.model.neof2":84.568212099185,"explvar.refmean.neof1":85.5616125014258,"explvar.refmean.neof2":85.3872198145091,"S":[80.7931653959118,3.90332650793959,8.1259066938999,45.8029811746941,-30.1232205432913,2.89183175486063,0.459947784537805,3.05486903729636,-24.9192227385191,3.90332650793959,11.8812499000967,7.45528926166289,2.94064558151341,9.58921044435874,-2.16089529887405,-0.654087301457007,-0.636757087661737,-2.41926567308593,8.1259066938999,7.45528926166289,9.15101849590867,4.42404778952653,5.08232436729285,1.24365593782093,0.0460375154379322,-0.450202195981646,-0.191516723957235,45.8029811746941,2.94064558151341,4.42404778952653,38.726577216015,-15.3246376852977,0.830444970742382,1.33847792327022,1.52340751895238,-12.2757065963848,-30.1232205432913,9.58921044435874,5.08232436729285,-15.3246376852977,24.1182539786085,-4.11762691508968,-0.313393401563553,-2.26553653522755,9.96409787334761,2.89183175486063,-2.16089529887405,1.24365593782093,0.830444970742382,-4.11762691508968,4.14264894988282,0.341732044043255,0.601890449624511,1.32624747700474,0.459947784537805,-0.654087301457007,0.0460375154379322,1.33847792327022,-0.313393401563553,0.341732044043255,0.573623085302814,0.0729685300463975,1.48442450218272,3.05486903729636,-0.636757087661737,-0.450202195981646,1.52340751895238,-2.26553653522755,0.601890449624511,0.0729685300463975,0.402880025845306,-0.905312855690297,-24.9192227385191,-2.41926567308593,-0.191516723957235,-12.2757065963848,9.96409787334761,1.32624747700474,1.48442450218272,-0.905312855690297,13.6412753468173],"inv_S":[0.840967518096929,-0.140656354984922,-1.3787925213781,-0.0863647468190767,1.09402926032755,1.01526043832558,-2.03416323094083,-1.35347427124563,0.647920691222669,-0.140656354984922,0.949544822022642,0.0285259030500587,0.0415426828311972,-1.07527675333329,-0.63028079330275,-1.52625863757985,-0.264128320636426,0.944497554389229,-1.37879252137811,0.0285259030500584,3.0448006815912,0.193781999029048,-2.25446084334244,-2.8202546522165,0.888234550475587,4.09378635534864,-0.200554605797617,-0.0863647468190778,0.0415426828311972,0.19378199902905,0.144936482711367,-0.241565118885456,-0.34347154065801,-1.15077044113194,0.548075935254617,0.354188982505029,1.09402926032755,-1.07527675333329,-2.25446084334244,-0.241565118885454,3.03833976397054,3.05558392958249,2.44676402423998,-2.67193686335071,-1.40118286809366,1.01526043832558,-0.630280793302749,-2.8202546522165,-0.343471540658009,3.05558392958249,4.20796216309395,4.82731053038322,-5.29774111710433,-2.12374755636801,-2.03416323094082,-1.52625863757985,0.888234550475555,-1.15077044113194,2.44676402424,4.82731053038324,32.5209618796152,-6.19043118225016,-11.2159450348197,-1.35347427124564,-0.264128320636428,4.09378635534866,0.548075935254615,-2.67193686335071,-5.29774111710433,-6.19043118225011,13.4843009233616,2.06665569772908,0.647920691222664,0.944497554389228,-0.200554605797606,0.354188982505031,-1.40118286809367,-2.12374755636802,-11.2159450348197,2.06665569772909,4.3279320423331],"diff":[-3.22301966904568,5.55843567901963,-11.2974874113279,6.39948736615684,8.94913799273376,0.818764613000294,-0.662566487911771,0.483780716651442,-1.73624472322598]}}
