{"description":{"TestName":"GISS-E2-R-CC","variable":"hfls","neof1":3,"neof2":3,"TestPeriod":"1980-2005","nref":12,"ntest":1,"CommonSpace":"CCM"},"hotelling_res":{"T2":{"statistic":990.907254603919,"mu":9,"nu":1584.00000000001,"p_value":0,"conf_int":[879.101825829875,1126.38797782319],"threshold_95":17.0584339832777,"threshold_99":21.8775081701155},"Ts2":{"statistic":15.7037224730008,"conf_int":[13.7437224730008,17.6637224730008],"threshold_95":0.270339037132668,"threshold_99":0.346710870374672},"explvar.model.neof1":87.4369278281454,"explvar.model.neof2":87.2166159848897,"explvar.refmean.neof1":86.9286979257336,"explvar.refmean.neof2":86.7254725950985,"S":[85.7520391531994,6.96127182417104,11.0060354009066,44.8417777032306,-30.9871207285575,6.55299174993447,-3.91290455053525,1.4367261160137,-26.479457019386,6.96127182417104,18.9233774258516,5.94553999799227,7.02385812499711,11.4141671312277,-3.55979548096769,-1.42262859461905,-3.08885419360929,-4.10737480602785,11.0060354009066,5.94553999799227,7.14156957193497,5.672891778991,0.691324364266584,2.57877753721692,-0.183779633510798,-0.418085818698555,-0.451395477492373,44.8417777032306,7.02385812499711,5.672891778991,35.9691119936493,-13.0179129234843,2.65054358902301,-1.72219555880224,0.105503542280811,-12.2443280232205,-30.9871207285575,11.4141671312277,0.691324364266584,-13.0179129234843,23.5838154355897,-6.33211946157641,1.02156031314409,-3.23274305192847,9.94932938456448,6.55299174993447,-3.55979548096769,2.57877753721692,2.65054358902301,-6.33211946157641,5.1845412957101,0.213985742174127,1.56555439088504,0.342932777100433,-3.91290455053525,-1.42262859461905,-0.183779633510798,-1.72219555880224,1.02156031314409,0.213985742174127,0.658679270174216,0.240398137933799,2.67074474669386,1.4367261160137,-3.08885419360929,-0.418085818698555,0.105503542280811,-3.23274305192847,1.56555439088504,0.240398137933799,0.971388092641407,0.194621186754422,-26.479457019386,-4.10737480602785,-0.451395477492373,-12.2443280232205,9.94932938456448,0.342932777100433,2.67074474669386,0.194621186754422,13.7719459636204],"inv_S":[0.927184305961233,-2.05199189536826,-1.52672612660922,-0.172643447890502,3.82067906141228,3.80572616655875,7.88264331296645,-3.22861969864357,-3.37080150849841,-2.05199189536829,10.2743777896112,3.14629885485711,-0.148050239702528,-16.697625445749,-16.1599436524562,-45.7563837998212,14.8241225232509,20.2195842614525,-1.52672612660922,3.14629885485706,3.14116524373659,0.293858584578748,-6.27049566124083,-6.99328092892403,-14.2345266310299,6.3580561713208,5.74188901603954,-0.172643447890501,-0.148050239702534,0.293858584578745,0.144424980330333,0.0501353528065882,-0.0742022879369513,0.618152077640219,0.107726577115734,-0.393831660210083,3.82067906141232,-16.697625445749,-6.2704956612409,0.0501353528065791,28.0600250247269,27.5436580716046,75.4576250155014,-24.5141125829434,-33.0390232835444,3.80572616655879,-16.1599436524562,-6.99328092892409,-0.0742022879369594,27.5436580716046,28.5353544674089,76.963010264833,-26.786335003804,-32.953126502028,7.88264331296662,-45.7563837998214,-14.2345266310302,0.618152077640192,75.4576250155018,76.9630102648334,236.280148696998,-74.7877689120014,-99.6011483948633,-3.22861969864361,14.8241225232509,6.35805617132086,0.107726577115742,-24.5141125829435,-26.786335003804,-74.7877689120012,29.5578391821562,30.9801186713258,-3.37080150849848,20.2195842614526,5.74188901603966,-0.393831660210071,-33.0390232835446,-32.9531265020282,-99.6011483948633,30.9801186713258,43.0265095681425],"diff":[-6.381861833947,6.07269677024187,-8.14830759111777,2.06465014542197,13.3371892205007,3.13158693520657,-5.10018324610913,-0.332775349476148,-0.564888354649828]}}
