{"description":{"TestName":"NorESM1-M","variable":"hfls","neof1":3,"neof2":3,"TestPeriod":"1980-2005","nref":12,"ntest":1,"CommonSpace":"CCM"},"hotelling_res":{"T2":{"statistic":756.631968254458,"mu":9,"nu":1583.99999999999,"p_value":0,"conf_int":[660.358386019154,876.578494099375],"threshold_95":17.0584339832778,"threshold_99":21.8775081701155},"Ts2":{"statistic":13.7127547685066,"conf_int":[11.7527547685066,15.6727547685066],"threshold_95":0.309157069436405,"threshold_99":0.396495148328047},"explvar.model.neof1":83.5042442745621,"explvar.model.neof2":83.3349017761029,"explvar.refmean.neof1":86.0084799223065,"explvar.refmean.neof2":85.8174924235436,"S":[89.1287666183527,5.86577015420244,-2.12874831134597,42.1130434484271,-32.5022999648283,5.7635195028196,6.03847586239387,4.78869546374538,25.0765498413531,5.86577015420244,10.6364722637098,-8.24473882653806,4.40250590855952,7.96126455587871,1.5551158434661,-0.432721547974495,0.454293128996639,2.15202595777695,-2.12874831134597,-8.24473882653806,11.4477864897491,-0.763999735516868,-8.72567132092163,1.34634118591458,0.36804696940398,0.446623224735571,1.86009179017289,42.1130434484271,4.40250590855952,-0.763999735516868,30.2972782317068,-12.7772714319729,4.01671012183928,4.41324632439266,1.98748665410762,10.2136831019235,-32.5022999648283,7.96126455587871,-8.72567132092163,-12.7772714319729,24.5476369683493,-0.261189590995205,-2.57522370099964,-2.19167823652991,-10.3227278924794,5.7635195028196,1.5551158434661,1.34634118591458,4.01671012183928,-0.261189590995205,3.04748123634072,0.195058566642557,0.409060021759288,3.35999073953929,6.03847586239387,-0.432721547974495,0.36804696940398,4.41324632439266,-2.57522370099964,0.195058566642557,1.42553580509768,0.142509132455544,-0.289155073035292,4.78869546374538,0.454293128996639,0.446623224735571,1.98748665410762,-2.19167823652991,0.409060021759288,0.142509132455544,0.508501647397712,2.06890017701619,25.0765498413531,2.15202595777695,1.86009179017289,10.2136831019235,-10.3227278924794,3.35999073953929,-0.289155073035292,2.06890017701619,12.9746303863827],"inv_S":[0.508227915116982,-0.0719403056462172,0.712745487952018,-0.0335748207826039,0.653809595375114,-0.658582325265314,-1.04730990710931,-0.0984015920538091,-0.363012848190419,-0.0719403056462148,1.19331884276051,0.389031966767721,-0.0462288070941872,-0.805121731048504,0.131150742708161,-0.602063751622042,-2.38907149946623,-0.385256787209294,0.712745487952017,0.389031966767718,1.76073873793529,-0.190928039910757,1.32700008071213,-2.14517828032295,0.232421116987655,-2.20363730379826,0.42366443377835,-0.0335748207826026,-0.0462288070941881,-0.190928039910755,0.263080963477987,-0.303553786764482,0.480662747858631,-1.45398989443491,0.758256267141234,-0.626466112131921,0.65380959537511,-0.805121731048505,1.32700008071212,-0.303553786764484,2.39030255576389,-2.74215980623824,2.64254221459347,-0.32957765850929,1.64193165691352,-0.658582325265308,0.131150742708161,-2.14517828032295,0.480662747858633,-2.74215980623824,4.52745003198393,-4.58160229806516,3.34097168785643,-2.80871707735436,-1.04730990710932,-0.602063751622028,0.23242111698764,-1.4539898944349,2.64254221459344,-4.58160229806514,16.8964424015208,-5.28780435043585,7.74394778354648,-0.098401592053808,-2.38907149946624,-2.20363730379826,0.758256267141231,-0.329577658509279,3.34097168785642,-5.28780435043583,14.7963850059232,-3.29918598162078,-0.363012848190425,-0.385256787209288,0.423664433778342,-0.62646611213192,1.6419316569135,-2.80871707735435,7.74394778354648,-3.29918598162079,4.00736111763786],"diff":[-16.5744391417565,9.12115860244282,18.8826742502921,-4.71696119415863,4.26432837010399,0.647333300694707,0.487994608784469,-1.48103908047309,-6.54516480622469]}}
