{"description":{"TestName":"GFDL-ESM2M","variable":"tauu","neof1":2,"neof2":2,"TestPeriod":"1980-2005","nref":9,"ntest":1,"CommonSpace":"CCM"},"hotelling_res":{"T2":{"statistic":172.216961350506,"mu":4,"nu":647.999999999989,"p_value":0,"conf_int":[127.384259138022,230.716136117507],"threshold_95":9.58736439446431,"threshold_99":13.4556581611028},"Ts2":{"statistic":6.52380106279084,"conf_int":[4.56380106279084,8.48380106279084],"threshold_95":0.363181753617589,"threshold_99":0.509717720737701},"explvar.model.neof1":85.8713993377449,"explvar.model.neof2":85.6211958070516,"explvar.refmean.neof1":85.1396799886476,"explvar.refmean.neof2":84.8475327067141,"S":[7.59614263507709e-05,-1.37192586440581e-05,7.69697206101305e-06,-2.84252899634766e-05,-1.37192586440581e-05,1.11280525069595e-05,-4.00099591903477e-06,5.00757328786883e-06,7.69697206101305e-06,-4.00099591903477e-06,2.77545045289278e-06,-2.2508701124699e-06,-2.84252899634766e-05,5.00757328786883e-06,-2.2508701124699e-06,1.11162606162354e-05],"inv_S":[869058.066561824,-274132.858794324,-1080294.29538325,2127007.1467613,-274132.858794324,285441.413328773,596976.503819396,-708687.795119024,-1080294.29538325,596976.503819397,2103889.73815709,-2605327.51565049,2127007.1467613,-708687.795119024,-2605327.51565049,5320615.37391435],"diff":[-0.0297617954248393,-0.00112125783936319,-0.00684354629715329,0.013300819692999]}}
