{"description":{"TestName":"BNU-ESM","variable":"hfss","neof1":2,"neof2":2,"TestPeriod":"1980-2005","nref":12,"ntest":1,"CommonSpace":"CCM"},"hotelling_res":{"T2":{"statistic":74.6674375753504,"mu":4,"nu":1584,"p_value":0,"conf_int":[47.277146933273,115.702883954177],"threshold_95":9.52827194591269,"threshold_99":13.349435656066},"Ts2":{"statistic":4.26378971584473,"conf_int":[2.30378971584473,6.22378971584473],"threshold_95":0.544099935018612,"threshold_99":0.762302662458792},"explvar.model.neof1":85.6858552728013,"explvar.model.neof2":85.5985936726546,"explvar.refmean.neof1":86.2036874834052,"explvar.refmean.neof2":86.0377856571662,"S":[6.25874553662616,-0.747385688499401,0.842496775230719,1.35005474836225,-0.747385688499401,0.369496285822005,-0.219030830798042,-0.065345554433845,0.842496775230719,-0.219030830798042,0.503279410775992,0.0791072395813919,1.35005474836225,-0.065345554433845,0.0791072395813919,0.496388451288578],"inv_S":[0.690752978891053,0.768759753680853,-0.556305406969145,-1.68882156601513,0.768759753680852,4.52938135257117,0.942846386965585,-1.64483841834591,-0.556305406969145,0.942846386965584,3.15014416640454,1.13510772736581,-1.68882156601513,-1.64483841834591,1.13510772736581,6.21030454877126],"diff":[-2.20505285103788,-0.412060165045568,0.038270663760722,-4.12675393063052]}}
