{"description":{"TestName":"inmcm4","variable":"hfss","neof1":2,"neof2":2,"TestPeriod":"1980-2005","nref":12,"ntest":1,"CommonSpace":"CCM"},"hotelling_res":{"T2":{"statistic":573.804135895297,"mu":4,"nu":1584,"p_value":0,"conf_int":[486.621593953351,674.664648352664],"threshold_95":9.52827194591271,"threshold_99":13.349435656066},"Ts2":{"statistic":11.9562858227581,"conf_int":[9.99628582275811,13.9162858227581],"threshold_95":0.198539424266345,"threshold_99":0.278160539967889},"explvar.model.neof1":83.7657775310919,"explvar.model.neof2":83.6716337125441,"explvar.refmean.neof1":85.7227072556919,"explvar.refmean.neof2":85.551789876867,"S":[6.20495374668288,-0.709111983963107,1.01135470934016,0.979281223497544,-0.709111983963107,0.486137817898306,-0.267265771513706,0.017238629629255,1.01135470934016,-0.267265771513706,0.561076295676199,0.128150215920506,0.979281223497544,0.017238629629255,0.128150215920506,0.245973025494129],"inv_S":[0.953470228669014,1.43553727693907,-0.164419933420651,-3.81095339898765,1.43553727693907,5.18660993012975,1.44313432007534,-6.83059746042846,-0.164419933420652,1.44313432007534,2.99621440233607,-1.00754880169126,-3.81095339898765,-6.83059746042846,-1.00754880169126,20.2414993819134],"diff":[-4.76592981009532,1.22594793359791,0.195252344365325,-5.75509934024273]}}
