{"description":{"TestName":"GFDL-ESM2M","variable":"hfls","neof1":3,"neof2":3,"TestPeriod":"1980-2005","nref":12,"ntest":1,"CommonSpace":"CCM"},"hotelling_res":{"T2":{"statistic":765.173356738929,"mu":9,"nu":1584.00000000002,"p_value":0,"conf_int":[668.294526617791,885.725241362043],"threshold_95":17.0584339832778,"threshold_99":21.8775081701157},"Ts2":{"statistic":13.7903921862396,"conf_int":[11.8303921862396,15.7503921862396],"threshold_95":0.307436860733169,"threshold_99":0.394288973951418},"explvar.model.neof1":85.4220418124185,"explvar.model.neof2":85.3527264716774,"explvar.refmean.neof1":86.8865914263019,"explvar.refmean.neof2":86.811923339145,"S":[87.7622877049243,4.11660829817408,-4.80042317867478,43.5550422173195,-31.1239287647722,-0.392746609657771,0.714888877188333,3.48354795265033,22.8897946526589,4.11660829817408,15.7739574838839,-8.20632241063791,4.55535027385884,8.90786936677296,2.77214933194746,-0.987673206391457,-0.958287729719716,2.39429573012389,-4.80042317867478,-8.20632241063791,9.26772588962398,-2.88118534975247,-4.74369957560855,1.22283608617235,-0.247802032158792,0.708390382876762,1.72869733623632,43.5550422173195,4.55535027385884,-2.88118534975247,33.8317870052635,-13.2984673892868,0.254196825535369,1.5460703976172,1.27951384214954,9.78547088649896,-31.1239287647722,8.90786936677296,-4.74369957560855,-13.2984673892868,19.9998956993215,3.04889326520423,-0.352635189372341,-2.50851713560505,-8.82075791920351,-0.392746609657771,2.77214933194746,1.22283608617235,0.254196825535369,3.04889326520423,4.3486778169246,-0.590604969023499,-0.641050249429083,2.39747889129595,0.714888877188333,-0.987673206391457,-0.247802032158792,1.5460703976172,-0.352635189372341,-0.590604969023499,0.787060354767366,0.0321070765327758,-1.50676140377501,3.48354795265033,-0.958287729719716,0.708390382876762,1.27951384214954,-2.50851713560505,-0.641050249429083,0.0321070765327758,0.538822810450481,1.09764613873553,22.8897946526589,2.39429573012389,1.72869733623632,9.78547088649896,-8.82075791920351,2.39747889129595,-1.50676140377501,1.09764613873553,10.9201372700219],"inv_S":[0.488984414518861,-0.11284538935711,0.625088450593568,-0.0288371050764715,0.694847146152673,-0.38802183793956,-1.55803250635185,0.0732933494705827,-0.649227412651636,-0.112845389357109,1.83467666781265,0.186489132478891,0.0820896376825649,-3.11323860606014,2.76604945892586,-5.17413376382336,1.28204504482658,-4.2336011654707,0.625088450593567,0.18648913247889,1.29862213050782,-0.0931647087155046,0.853447072410902,-0.992111217491769,-1.29121077760609,-1.01825449599645,-0.641857151686009,-0.0288371050764711,0.0820896376825652,-0.093164708715504,0.182676679207588,-0.359159581840715,0.562183684871318,-1.59803615888067,0.781726590621352,-0.819110291340287,0.694847146152671,-3.11323860606014,0.853447072410899,-0.359159581840716,6.75631238276435,-6.51051822668518,10.1720625857591,-3.63167074312812,8.06822147262978,-0.388021837939555,2.76604945892586,-0.992111217491761,0.562183684871317,-6.51051822668517,7.67747226881144,-13.3704374000273,6.54871628074111,-9.58739663846616,-1.55803250635185,-5.17413376382336,-1.2912107776061,-1.59803615888067,10.1720625857591,-13.3704374000273,40.1539955021005,-13.6838856667438,24.1044861322297,0.0732933494705874,1.28204504482658,-1.01825449599644,0.781726590621353,-3.63167074312812,6.54871628074112,-13.6838856667439,12.0453106190435,-8.44411643892069,-0.649227412651641,-4.2336011654707,-0.641857151686018,-0.819110291340286,8.06822147262977,-9.58739663846615,24.1044861322297,-8.44411643892068,16.0129766103793],"diff":[-10.7046389873246,7.22273137145325,16.0052613405503,-1.3217827077581,8.26590664838514,-1.49750645809646,-2.97633506760748,-0.456798838577547,-1.51829709037456]}}
