{"description":{"TestName":"CMCC-CM","variable":"tauu","neof1":2,"neof2":2,"TestPeriod":"1980-2005","nref":9,"ntest":1,"CommonSpace":"CCM"},"hotelling_res":{"T2":{"statistic":69.6866811337763,"mu":4,"nu":647.999999999991,"p_value":0,"conf_int":[43.4322952455415,109.583546861284],"threshold_95":9.58736439446419,"threshold_99":13.4556581611028},"Ts2":{"statistic":4.11529098316153,"conf_int":[2.15529098316153,6.07529098316153],"threshold_95":0.566174103902032,"threshold_99":0.794613085341086},"explvar.model.neof1":84.3245250001333,"explvar.model.neof2":84.1804009962901,"explvar.refmean.neof1":86.0982508002351,"explvar.refmean.neof2":85.9027794728522,"S":[8.15143564300205e-05,-9.02978916166711e-06,1.15570287354663e-05,-3.02318914157524e-05,-9.02978916166711e-06,7.74034051147147e-06,-3.16041425357367e-06,3.45097094291979e-06,1.15570287354663e-05,-3.16041425357367e-06,3.17882758086823e-06,-3.26623733221877e-06,-3.02318914157524e-05,3.45097094291979e-06,-3.26623733221877e-06,1.29713611353195e-05],"inv_S":[372588.65066953,-231075.539292019,-848413.825126908,716221.959729622,-231075.539292019,360989.64629868,737858.175786004,-448803.746377685,-848413.825126908,737858.175786004,2562133.76003378,-1528516.90871102,716221.959729622,-448803.746377685,-1528516.90871102,1480881.92236686],"diff":[-0.0161996687245225,0.00958178547467169,-0.0051768410242332,0.0115982638574794]}}
