{"description":{"TestName":"CMCC-CESM","variable":"hfls","neof1":3,"neof2":3,"TestPeriod":"1980-2005","nref":12,"ntest":1,"CommonSpace":"CCM"},"hotelling_res":{"T2":{"statistic":287.332108701813,"mu":9,"nu":1584,"p_value":0,"conf_int":[232.252667039147,366.068375854055],"threshold_95":17.0584339832779,"threshold_99":21.8775081701156},"Ts2":{"statistic":8.40983795791587,"conf_int":[6.44983795791587,10.3698379579159],"threshold_95":0.499278226381761,"threshold_99":0.640326274236863},"explvar.model.neof1":85.4333511120922,"explvar.model.neof2":85.3397127179509,"explvar.refmean.neof1":85.3456421706128,"explvar.refmean.neof2":85.2407992746163,"S":[70.4164360234773,2.08501298085058,13.768596287832,44.1816843368795,-29.1840614896911,9.79950523941644,0.550635807786599,2.37530033549913,-22.8881429306145,2.08501298085058,14.825350377458,5.55012452451,7.38255987778292,11.7250261292486,-2.84572906419651,-1.75189737563387,-1.15620586952004,-2.25467656571411,13.768596287832,5.55012452451,8.21810056874744,8.8845248779149,-0.137401607596913,3.34388933961779,-0.388734661204851,0.0980448882518548,-1.88394888278701,44.1816843368795,7.38255987778292,8.8845248779149,41.870868346455,-14.1286874253998,5.60524983576648,0.590816928617839,0.683513205497713,-13.3961991310932,-29.1840614896911,11.7250261292486,-0.137401607596913,-14.1286874253998,24.4826190498865,-7.07397971947945,-1.68283383864167,-2.25793820927872,9.75432114850753,9.79950523941644,-2.84572906419651,3.34388933961779,5.60524983576648,-7.07397971947945,5.71999555696886,0.862859348052096,0.997354595171987,-0.330592375101672,0.550635807786599,-1.75189737563387,-0.388734661204851,0.590816928617839,-1.68283383864167,0.862859348052096,0.601818652636886,0.223051671231572,1.08167007058603,2.37530033549913,-1.15620586952004,0.0980448882518548,0.683513205497713,-2.25793820927872,0.997354595171987,0.223051671231572,0.445526157765035,-0.68775128929508,-22.8881429306145,-2.25467656571411,-1.88394888278701,-13.3961991310932,9.75432114850753,-0.330592375101672,1.08167007058603,-0.68775128929508,13.3502246202128],"inv_S":[0.958043958119696,0.170014401504427,-1.65579787493154,-0.239787657108132,0.533648274864108,0.77459580249296,-2.72388221652452,0.0174372797170915,1.04781203054265,0.170014401504435,1.82026845819085,-0.774347483597567,-0.27157296701398,-1.92208287385025,-0.500514836391198,-3.2764924146591,0.345329671107366,1.89234912522032,-1.65579787493154,-0.774347483597554,3.36864268304235,0.426613617301916,-0.539528772606319,-1.59720808988841,5.65857533930306,0.088003770166302,-2.16536916522081,-0.239787657108132,-0.271572967013979,0.426613617301916,0.205608471656791,0.0158857082017885,-0.268074772421851,0.0803228187836598,0.513353375474522,-0.188754443205192,0.533648274864096,-1.92208287385026,-0.539528772606298,0.0158857082017902,3.04864287373181,1.72214894560001,3.57173860062501,-1.01334476862836,-1.99633929481223,0.774595802492952,-0.500514836391205,-1.59720808988839,-0.26807477242185,1.72214894560001,2.13963146384476,0.656657018205045,-2.0021185360211,-0.612572085880292,-2.72388221652454,-3.27649241465908,5.6585753393031,0.0803228187836641,3.57173860062496,0.656657018205,26.6671171748496,-6.64131136820989,-9.44036112673856,0.0174372797171008,0.345329671107362,0.0880037701662869,0.513353375474521,-1.01334476862834,-2.00211853602109,-6.64131136820991,8.43004198558678,2.27895622328421,1.04781203054267,1.89234912522031,-2.16536916522083,-0.188754443205194,-1.99633929481221,-0.612572085880275,-9.44036112673857,2.27895622328421,4.02167045538671],"diff":[-15.5135692349462,0.997237213090807,0.865954030901338,9.57845491522821,4.06569349385844,-0.159903091995136,-1.29321381114193,1.58158660078856,5.56720531905322]}}
