{"description":{"TestName":"GISS-E2-R-CC","variable":"tauu","neof1":2,"neof2":2,"TestPeriod":"1980-2005","nref":9,"ntest":1,"CommonSpace":"CCM"},"hotelling_res":{"T2":{"statistic":143.184925793922,"mu":4,"nu":648.00000000002,"p_value":0,"conf_int":[102.86482719411,197.168175975163],"threshold_95":9.58736439446418,"threshold_99":13.4556581611029},"Ts2":{"statistic":5.94164280446817,"conf_int":[3.98164280446817,7.90164280446817],"threshold_95":0.397840026471561,"threshold_99":0.558359855613335},"explvar.model.neof1":85.8089314749708,"explvar.model.neof2":85.4721725869622,"explvar.refmean.neof1":84.3729546294038,"explvar.refmean.neof2":83.9313506062537,"S":[7.83746834083637e-05,-7.46948471853656e-06,1.06205446517762e-05,-2.89586676939241e-05,-7.46948471853656e-06,6.83927947094592e-06,-3.35326105299646e-06,2.3697365395875e-06,1.06205446517762e-05,-3.35326105299646e-06,2.99856337895343e-06,-3.37343349775027e-06,-2.89586676939241e-05,2.3697365395875e-06,-3.37343349775027e-06,1.11264051664591e-05],"inv_S":[1221690.52508394,-499178.928523355,-1803739.42436449,2739128.85933226,-499178.928523355,558451.191199659,1209728.89230558,-1051372.72647979,-1803739.42436449,1209728.89230558,3799629.02975565,-3800224.14024193,2739128.85933226,-1051372.72647979,-3800224.14024193,6290728.61486751],"diff":[-0.0102513997721023,0.0092616351217931,-0.00374904483616387,0.00828689461944482]}}
