{"description":{"TestName":"GISS-E2-H-CC","variable":"hfss","neof1":2,"neof2":2,"TestPeriod":"1980-2005","nref":12,"ntest":1,"CommonSpace":"CCM"},"hotelling_res":{"T2":{"statistic":47.390737215785,"mu":4,"nu":1584,"p_value":0,"conf_int":[26.789595226195,81.6155769917871],"threshold_95":9.52827194591271,"threshold_99":13.349435656066},"Ts2":{"statistic":3.37163625192589,"conf_int":[1.41163625192589,5.33163625192589],"threshold_95":0.677893381670104,"threshold_99":0.949751868087683},"explvar.model.neof1":81.6335770117419,"explvar.model.neof2":81.4657023482372,"explvar.refmean.neof1":85.9669540316645,"explvar.refmean.neof2":85.709266429487,"S":[5.4319494069157,2.70210926191577,-0.448003851742897,-0.572824195099809,2.70210926191577,2.45497310106052,-0.368053490555699,-0.790827236429228,-0.448003851742897,-0.368053490555699,0.485622255730008,0.0904211242093581,-0.572824195099809,-0.790827236429228,0.0904211242093581,0.3349683888537],"inv_S":[0.743686825122221,-1.73596313247116,-0.108760874457199,-2.79731123959597,-1.73596313247116,5.91752194487323,0.879048581318909,10.7647509470216,-0.108760874457199,0.879048581318909,2.39362588128983,1.24322285510115,-2.79731123959598,10.7647509470216,1.24322285510115,23.2806358280625],"diff":[-0.307865630041563,-6.00768037934887,-0.472223070677069,3.50777617974286]}}
