{"description":{"TestName":"MPI-ESM-MR","variable":"tauv","neof1":2,"neof2":2,"TestPeriod":"1980-2005","nref":8,"ntest":1,"CommonSpace":"CCM"},"hotelling_res":{"T2":{"statistic":36.4648646675159,"mu":4,"nu":448.000000000001,"p_value":0,"conf_int":[19.1090964877884,67.4268887835263],"threshold_95":9.63242917312145,"threshold_99":13.5368355379219},"Ts2":{"statistic":2.93976426241258,"conf_int":[0.979764262412578,4.89976426241258],"threshold_95":0.77655768920455,"threshold_99":1.0913273833151},"explvar.model.neof1":89.5913580673118,"explvar.model.neof2":89.5018332738811,"explvar.refmean.neof1":90.3358938180806,"explvar.refmean.neof2":90.2506267334401,"S":[3.10807361389462e-05,1.46164583255505e-06,8.21439992933895e-07,-1.1509042650574e-05,1.46164583255505e-06,7.36093876556545e-06,-1.94343596147559e-06,2.46214688201963e-06,8.21439992933895e-07,-1.94343596147559e-06,1.77815614531345e-06,-1.51582418557991e-06,-1.1509042650574e-05,2.46214688201963e-06,-1.51582418557991e-06,6.66148985783826e-06],"inv_S":[171090.32233791,-133126.40036094,86091.3951347349,364387.252576843,-133126.40036094,299050.07305133,121648.740389467,-312852.614993119,86091.3951347349,121648.740389467,923094.081433853,313827.814861083,364387.252576843,-312852.614993118,313827.814861083,966712.469893823],"diff":[0.0222075006950625,-0.00770639933654287,0.000656800870384134,-0.00864562371961782]}}
