{"description":{"TestName":"ACCESS1-0","variable":"hfls","neof1":3,"neof2":3,"TestPeriod":"1980-2005","nref":12,"ntest":1,"CommonSpace":"CCM"},"hotelling_res":{"T2":{"statistic":545.705538310586,"mu":9,"nu":1584.00000000001,"p_value":0,"conf_int":[465.633958194955,649.446228429032],"threshold_95":17.0584339832777,"threshold_99":21.8775081701155},"Ts2":{"statistic":11.6323078400029,"conf_int":[9.67230784000286,13.5923078400029],"threshold_95":0.363619097537759,"threshold_99":0.466342911957257},"explvar.model.neof1":87.0768490851215,"explvar.model.neof2":86.9416724353334,"explvar.refmean.neof1":87.6043068307146,"explvar.refmean.neof2":87.4830019471188,"S":[88.9077752143627,5.88857521830203,-10.4434410639949,42.9775236659096,-36.1707160284086,-6.44286283007245,1.13597080828282,-0.0994257734832998,27.6273564698497,5.88857521830203,15.3186463830947,-6.2455830319075,5.65566589143457,9.22753181966494,4.43807869066671,-0.864471790081284,-1.67861948246318,2.22316660579573,-10.4434410639949,-6.2455830319075,7.67280396791817,-4.34283268820877,-0.925659367699952,1.39138417609592,-0.279392598023226,0.429035166488859,0.0998825224937438,42.9775236659096,5.65566589143457,-4.34283268820877,31.7772828389112,-15.1940625260804,-1.73933809732597,1.3004292256898,-0.10476023696201,11.8631492234513,-36.1707160284086,9.22753181966494,-0.925659367699952,-15.1940625260804,25.3305102887267,7.15738263166142,-0.842036855606823,-1.35729522037754,-12.5469186898836,-6.44286283007245,4.43807869066671,1.39138417609592,-1.73933809732597,7.15738263166142,5.11408182352131,-0.6639456307648,-0.993784423864829,-0.00961358003981867,1.13597080828282,-0.864471790081284,-0.279392598023226,1.3004292256898,-0.842036855606823,-0.6639456307648,0.626283776162898,0.290045564737833,-1.22077784353556,-0.0994257734832998,-1.67861948246318,0.429035166488859,-0.10476023696201,-1.35729522037754,-0.993784423864829,0.290045564737833,0.439604092956711,-0.581767571193689,27.6273564698497,2.22316660579573,0.0998825224937438,11.8631492234513,-12.5469186898836,-0.00961358003981867,-1.22077784353556,-0.581767571193689,14.5908322443667],"inv_S":[0.650368766667003,-0.290009830785532,0.850110513069188,-0.122357615563331,1.06210928075984,-0.842898860400645,-0.792432384145395,-0.263431391389493,-0.257637006433106,-0.290009830785532,1.19764313535781,0.0429996952528203,-0.101224284444723,-1.87346696245139,1.02228754510983,-1.72677537845392,0.399937199157401,-1.29023207815474,0.850110513069188,0.0429996952528203,1.69160911371402,-0.209768133393631,1.2370384126152,-1.56849612497543,-0.673007873152245,-1.29159197260113,-0.502329885803387,-0.122357615563331,-0.101224284444723,-0.209768133393631,0.150341516589247,-0.0516929849425245,0.120765187144159,-0.203601013911521,0.16888688111599,0.0716312016115241,1.06210928075985,-1.87346696245139,1.2370384126152,-0.051692984942524,4.46151977844528,-3.4009107080362,3.90314483322332,-1.42979136907693,2.41179786134235,-0.842898860400644,1.02228754510983,-1.56849612497543,0.120765187144159,-3.4009107080362,3.56441382476701,-3.53656113274134,2.84493538190111,-1.75182508985922,-0.792432384145395,-1.72677537845393,-0.673007873152249,-0.203601013911519,3.90314483322332,-3.53656113274135,17.2601599814131,-4.84304640424096,6.53876530341578,-0.263431391389493,0.399937199157403,-1.29159197260113,0.16888688111599,-1.42979136907694,2.84493538190111,-4.84304640424097,8.9776238648291,-0.965486820393315,-0.257637006433106,-1.29023207815474,-0.502329885803389,0.071631201611525,2.41179786134236,-1.75182508985922,6.53876530341577,-0.965486820393308,3.27953286442603],"diff":[-14.7985270294039,3.54669983864877,6.9948529298462,-3.7425376275724,8.21301022637649,-4.99754409150311,-1.52846750530718,-3.04302848126032,-2.24055941930387]}}
