{"description":{"TestName":"ACCESS1-0","variable":"tauv","neof1":2,"neof2":2,"TestPeriod":"1980-2005","nref":8,"ntest":1,"CommonSpace":"CCM"},"hotelling_res":{"T2":{"statistic":5.61089848617195,"mu":4,"nu":447.999999999999,"p_value":0,"conf_int":[1.69774068124097,22.7579296253857],"threshold_95":9.63242917312143,"threshold_99":13.5368355379219},"Ts2":{"statistic":1.01691452610284,"conf_int":[-0.943085473897159,2.97691452610284],"threshold_95":1.74577336801666,"threshold_99":2.45340469621822},"explvar.model.neof1":88.396762447475,"explvar.model.neof2":88.2402288453854,"explvar.refmean.neof1":90.6367025655595,"explvar.refmean.neof2":90.472869073599,"S":[3.26463317723328e-05,1.28560159265876e-06,9.68405923755393e-07,1.26743371159749e-05,1.28560159265876e-06,7.93868427511859e-06,2.38721236788779e-06,4.9029818930306e-06,9.68405923755393e-07,2.38721236788779e-06,1.69709608392916e-06,1.64601927487218e-06,1.26743371159749e-05,4.9029818930306e-06,1.64601927487218e-06,8.28189642601426e-06],"inv_S":[180678.223713847,233154.269229446,-35933.8464521962,-407392.208226724,233154.269229446,580265.331880211,-334492.766583402,-633855.389209403,-35933.8464521962,-334492.766583402,1034223.01316323,47464.8108734019,-407392.208226724,-633855.389209403,47464.8108734019,1110021.08878449],"diff":[0.00576299339190087,0.00325267936276539,0.000871895915543684,0.00568317120028725]}}
