{"description":{"TestName":"CESM1-CAM5","variable":"hfls","neof1":3,"neof2":3,"TestPeriod":"1980-2005","nref":12,"ntest":1,"CommonSpace":"CCM"},"hotelling_res":{"T2":{"statistic":543.897486684441,"mu":9,"nu":1584,"p_value":0,"conf_int":[463.977151837424,647.486885891871],"threshold_95":17.0584339832779,"threshold_99":21.8775081701157},"Ts2":{"statistic":11.6128636913492,"conf_int":[9.65286369134915,13.5728636913492],"threshold_95":0.364218025428415,"threshold_99":0.4671110393149},"explvar.model.neof1":85.5958666783144,"explvar.model.neof2":85.3907457379265,"explvar.refmean.neof1":88.309381319555,"explvar.refmean.neof2":88.0665282439184,"S":[90.8367837289265,2.48900289073088,-5.46455885383406,42.0482329841911,-34.7815983509587,-1.42132109927206,0.160875146181559,2.20076918423166,27.7816771642247,2.48900289073088,15.2104122087577,-9.25926831425139,3.8078634912732,11.388827211281,1.55915615034648,-2.06038426396388,-1.70477869621959,2.06721804055367,-5.46455885383406,-9.25926831425139,9.94845628660907,-2.49880787759064,-6.36107382520615,1.11473004267079,0.695258549986144,1.06230100294038,0.7353656846726,42.0482329841911,3.8078634912732,-2.49880787759064,30.4012779760057,-14.080699223479,1.11533068232561,0.702682329972588,0.878704309963706,11.2772595337351,-34.7815983509587,11.388827211281,-6.36107382520615,-14.080699223479,25.0501271955099,2.55153836284865,-1.44502616383956,-2.60439281804414,-10.8897732634815,-1.42132109927206,1.55915615034648,1.11473004267079,1.11533068232561,2.55153836284865,2.72898602557953,-0.501698686600827,-0.5868200952328,1.47955462726665,0.160875146181559,-2.06038426396388,0.695258549986144,0.702682329972588,-1.44502616383956,-0.501698686600827,0.957796824813283,0.469578253065793,-1.79775288589521,2.20076918423166,-1.70477869621959,1.06230100294038,0.878704309963706,-2.60439281804414,-0.5868200952328,0.469578253065793,0.60939743372291,0.225038096981168,27.7816771642247,2.06721804055367,0.7353656846726,11.2772595337351,-10.8897732634815,1.47955462726665,-1.79775288589521,0.225038096981168,14.4544547736001],"inv_S":[0.402124913298517,-0.396553243688158,0.534085175923171,0.0118929750794604,0.904987294604172,-0.663115038968081,-0.466169664635231,0.101664082145212,-0.062508436048415,-0.396553243688162,2.15809780234509,-0.42236974215418,-0.563362328236034,-3.16048022221805,2.68665847669575,-1.59732316292904,0.0456318354505383,-1.94088243282005,0.534085175923173,-0.422369742154183,1.45211325410911,0.123821609347177,1.775857080058,-2.22700711519455,1.3357749751849,-1.63376963439046,0.620836913754258,0.0118929750794614,-0.563362328236035,0.123821609347176,0.275029880770096,0.845446275654122,-0.904423000716585,0.593045974746289,-0.183496518141006,0.642975049286523,0.904987294604178,-3.16048022221806,1.775857080058,0.845446275654121,5.9130899519256,-5.76812396590017,4.54672330092109,-1.53989641880695,3.59736841845225,-0.66311503896809,2.68665847669577,-2.22700711519455,-0.904423000716587,-5.76812396590019,7.12187358615217,-6.93697737437212,4.23464927532997,-4.29411389507564,-0.466169664635216,-1.59732316292908,1.33577497518492,0.593045974746298,4.54672330092115,-6.93697737437217,16.9227187756028,-8.83160957066202,6.97151940018271,0.101664082145204,0.0456318354505646,-1.63376963439047,-0.183496518141013,-1.539896418807,4.23464927533,-8.83160957066203,9.85780882971997,-2.821132047493,-0.0625084360484075,-1.94088243282007,0.620836913754263,0.642975049286526,3.59736841845227,-4.29411389507565,6.97151940018269,-2.82113204749298,3.99441642188487],"diff":[-13.3193692716305,-1.42397580732816,13.7296526369401,-6.39727094780383,9.1036919210689,-0.604952250005916,-3.05086821702892,-0.277942098433603,-6.65942802588774]}}
