{"description":{"TestName":"MIROC5","variable":"tauv","neof1":2,"neof2":2,"TestPeriod":"1980-2005","nref":8,"ntest":1,"CommonSpace":"CCM"},"hotelling_res":{"T2":{"statistic":1789.41499528482,"mu":4,"nu":448,"p_value":0,"conf_int":[1630.36741210494,1962.1439086764],"threshold_95":9.63242917312144,"threshold_99":13.5368355379219},"Ts2":{"statistic":21.1389287107732,"conf_int":[19.1789287107732,23.0989287107732],"threshold_95":0.113790950751352,"threshold_99":0.159914945476382},"explvar.model.neof1":87.5204820576405,"explvar.model.neof2":87.4205615496238,"explvar.refmean.neof1":85.466807789214,"explvar.refmean.neof2":85.3217670806662,"S":[2.90799016573571e-05,-6.22409446094619e-06,2.49814206370344e-06,-9.69187301747737e-06,-6.22409446094619e-06,6.76333153377696e-06,-2.27745323208413e-06,5.56515351440705e-06,2.49814206370344e-06,-2.27745323208413e-06,1.44106891878392e-06,-2.03639637096279e-06,-9.69187301747737e-06,5.56515351440705e-06,-2.03639637096279e-06,6.66182732693877e-06],"inv_S":[75082.690444121,-67906.3568890897,-5203.04475999362,164370.177592526,-67906.3568890898,646689.525674806,416744.718134968,-511632.721127011,-5203.04475999367,416744.718134968,1512067.38806588,106501.253339608,164370.177592526,-511632.721127011,106501.253339609,849203.681410333],"diff":[0.0343776687262554,0.0411535608949042,-0.0123134091745335,-0.0196714493247159]}}
