{"description":{"TestName":"NorESM1-ME","variable":"tauv","neof1":2,"neof2":2,"TestPeriod":"1980-2005","nref":8,"ntest":1,"CommonSpace":"CCM"},"hotelling_res":{"T2":{"statistic":160.307855913107,"mu":4,"nu":448,"p_value":0,"conf_int":[117.276864586103,217.004102489992],"threshold_95":9.63242917312144,"threshold_99":13.5368355379219},"Ts2":{"statistic":6.29151214808548,"conf_int":[4.33151214808548,8.25151214808549],"threshold_95":0.378038523521363,"threshold_99":0.531272561462207},"explvar.model.neof1":86.9085496826605,"explvar.model.neof2":86.7378924290188,"explvar.refmean.neof1":88.4652273946571,"explvar.refmean.neof2":88.2660905795559,"S":[3.13772958152109e-05,2.18209385181091e-06,-2.50191419464264e-07,1.12369617848371e-05,2.18209385181091e-06,7.34646618019853e-06,1.87919291865964e-06,5.2910007688793e-06,-2.50191419464264e-07,1.87919291865964e-06,1.4734993051967e-06,1.09678037584619e-06,1.12369617848371e-05,5.2910007688793e-06,1.09678037584619e-06,8.04854621087191e-06],"inv_S":[115815.721835294,147921.746580809,26434.4170927616,-262539.794118286,147921.746580809,539174.653239908,-272610.592314739,-523817.65103541,26434.4170927617,-272610.592314739,1029292.88359428,2041.62127063095,-262539.794118286,-523817.65103541,2041.62127063113,834862.575388581],"diff":[0.00619070298638606,-0.0114623188342093,0.00176092201910589,0.00644917993067154]}}
