{"description":{"TestName":"GISS-E2-H","variable":"tauu","neof1":2,"neof2":2,"TestPeriod":"1980-2005","nref":9,"ntest":1,"CommonSpace":"CCM"},"hotelling_res":{"T2":{"statistic":48.3382610124974,"mu":4,"nu":648.000000000003,"p_value":0,"conf_int":[27.4734855689932,82.8278803242698],"threshold_95":9.58736439446422,"threshold_99":13.4556581611028},"Ts2":{"statistic":3.40652768342376,"conf_int":[1.44652768342376,5.36652768342375],"threshold_95":0.675647438214001,"threshold_99":0.94825653766553},"explvar.model.neof1":84.2719282242067,"explvar.model.neof2":83.9138675267978,"explvar.refmean.neof1":83.386121026013,"explvar.refmean.neof2":82.9699494461438,"S":[7.74331902849248e-05,-5.45364103738889e-06,1.14774668530557e-05,-2.7334177441303e-05,-5.45364103738889e-06,6.98508876252243e-06,-3.22164877857305e-06,8.47070995099512e-07,1.14774668530557e-05,-3.22164877857305e-06,3.15371714501439e-06,-3.26853596096153e-06,-2.7334177441303e-05,8.47070995099512e-07,-3.26853596096153e-06,1.02662771214874e-05],"inv_S":[1181275.06865834,-287020.625607966,-1952217.86439561,2547312.38771049,-287020.625607966,427988.663886847,974810.412995127,-489155.566684134,-1952217.86439561,974810.412995128,4398694.59821943,-3877813.85495126,2547312.38771049,-489155.566684134,-3877813.85495126,5685436.26586398],"diff":[-0.0118632015837568,0.014728093185046,-0.00376135169449985,0.00366927456905736]}}
