{"description":{"TestName":"MRI-ESM1","variable":"tauv","neof1":2,"neof2":2,"TestPeriod":"1980-2005","nref":8,"ntest":1,"CommonSpace":"CCM"},"hotelling_res":{"T2":{"statistic":37.4150268113306,"mu":4,"nu":448.000000000001,"p_value":0,"conf_int":[19.7600614331844,68.6781622493638],"threshold_95":9.63242917312145,"threshold_99":13.5368355379219},"Ts2":{"statistic":2.97978652544181,"conf_int":[1.01978652544181,4.93978652544181],"threshold_95":0.767140507531261,"threshold_99":1.07809304364326},"explvar.model.neof1":88.7598533260204,"explvar.model.neof2":88.5217906406626,"explvar.refmean.neof1":90.2305932970153,"explvar.refmean.neof2":90.0136767405554,"S":[3.28743534048145e-05,-5.55812811024061e-07,1.15907075220968e-06,1.21396486102344e-05,-5.55812811024061e-07,7.24473416308785e-06,2.61636694060721e-06,3.02822468030065e-06,1.15907075220968e-06,2.61636694060721e-06,1.85764273570031e-06,1.75683686438227e-06,1.21396486102344e-05,3.02822468030065e-06,1.75683686438227e-06,6.99315674838526e-06],"inv_S":[163930.394022468,156124.134571287,14286.9710716266,-355767.259972093,156124.134571287,434222.49129134,-360496.795912594,-368486.140137858,14286.9710716266,-360496.795912594,1197465.16167341,-169526.366483544,-355767.259972093,-368486.140137858,-169526.366483544,962738.11089376],"diff":[0.00801393480139058,0.00810094831078121,0.000161921914577065,0.00218172989696061]}}
