{"description":{"TestName":"CanESM2","variable":"tauv","neof1":2,"neof2":2,"TestPeriod":"1980-2005","nref":8,"ntest":1,"CommonSpace":"CCM"},"hotelling_res":{"T2":{"statistic":46.6503846809366,"mu":4,"nu":448.000000000001,"p_value":0,"conf_int":[26.2570015222441,80.6665381763142],"threshold_95":9.63242917312146,"threshold_99":13.5368355379219},"Ts2":{"statistic":3.34412185667458,"conf_int":[1.38412185667458,5.30412185667458],"threshold_95":0.690498420345687,"threshold_99":0.970384872540457},"explvar.model.neof1":88.363120091141,"explvar.model.neof2":88.2870447739092,"explvar.refmean.neof1":88.2897272367375,"explvar.refmean.neof2":88.2050218730009,"S":[3.00644464051729e-05,2.0112824359041e-07,1.43091186716324e-06,1.11028211778535e-05,2.0112824359041e-07,6.98871452453171e-06,2.56695634760127e-06,3.85799858586354e-06,1.43091186716324e-06,2.56695634760127e-06,1.7641167290183e-06,1.97454440634179e-06,1.11028211778535e-05,3.85799858586354e-06,1.97454440634179e-06,7.21894655572366e-06],"inv_S":[159044.524346942,194867.844869845,-31995.8060670162,-340003.29885209,194867.844869845,565567.198329725,-442815.928166157,-480843.090536354,-31995.8060670162,-442815.928166157,1321877.82932417,-75700.731633723,-340003.29885209,-480843.090536354,-75700.731633723,939134.566826043],"diff":[0.0159487658497888,-0.00144529582359557,-0.00180216183553905,0.0107821586868857]}}
