{"description":{"TestName":"IPSL-CM5A-MR","variable":"tauv","neof1":2,"neof2":2,"TestPeriod":"1980-2005","nref":8,"ntest":1,"CommonSpace":"CCM"},"hotelling_res":{"T2":{"statistic":40.5833310105903,"mu":4,"nu":448,"p_value":0,"conf_int":[21.9559165483607,72.8246610329498],"threshold_95":9.63242917312144,"threshold_99":13.5368355379219},"Ts2":{"statistic":3.10955239863837,"conf_int":[1.14955239863837,5.06955239863837],"threshold_95":0.738050389017544,"threshold_99":1.03721154396946},"explvar.model.neof1":87.1674099218405,"explvar.model.neof2":87.0587215505486,"explvar.refmean.neof1":88.4171249429373,"explvar.refmean.neof2":88.2964804835347,"S":[3.05662905608717e-05,-8.27664213597148e-07,3.12497882920454e-07,1.12188751934762e-05,-8.27664213597148e-07,5.691085441405e-06,2.13133886125024e-06,2.57094524934544e-06,3.12497882920454e-07,2.13133886125024e-06,1.67991149178884e-06,1.45824310114467e-06,1.12188751934762e-05,2.57094524934544e-06,1.45824310114467e-06,7.00369766038365e-06],"inv_S":[137218.401763353,123149.015153292,58923.149206153,-277277.785121078,123149.015153292,455772.088004325,-347494.069462087,-292221.021723742,58923.1492061529,-347494.069462087,1216196.64209629,-220051.416779598,-277277.785121078,-292221.021723742,-220051.416779598,740025.886966753],"diff":[0.00176962707158219,-0.000450376380657474,0.000213817107688194,0.00792953827400706]}}
