{"description":{"TestName":"CSIRO-Mk3-6-0","variable":"tauv","neof1":2,"neof2":2,"TestPeriod":"1980-2005","nref":8,"ntest":1,"CommonSpace":"CCM"},"hotelling_res":{"T2":{"statistic":53.9753948661957,"mu":4,"nu":448,"p_value":0,"conf_int":[31.5910898930639,89.9905402102782],"threshold_95":9.63242917312144,"threshold_99":13.5368355379219},"Ts2":{"statistic":3.60717530886423,"conf_int":[1.64717530886423,5.56717530886423],"threshold_95":0.643735182740241,"threshold_99":0.904666636225562},"explvar.model.neof1":86.2962214923586,"explvar.model.neof2":86.1319506163679,"explvar.refmean.neof1":87.8258732543127,"explvar.refmean.neof2":87.6525697394766,"S":[3.20306693395369e-05,1.03430926921171e-06,7.74946721352507e-07,1.16808799191084e-05,1.03430926921171e-06,7.11363480135758e-06,1.97843834846197e-06,4.47399198410484e-06,7.74946721352507e-07,1.97843834846197e-06,1.46418969285996e-06,1.43811750979985e-06,1.16808799191084e-05,4.47399198410484e-06,1.43811750979985e-06,7.74031658666389e-06],"inv_S":[139272.09099836,177946.378314859,-8195.93000439388,-311507.22373837,177946.378314859,519061.949108934,-290036.770436274,-514674.338452363,-8195.9300043938,-290036.770436274,1103841.5999165,-25075.986295642,-311507.22373837,-514674.338452363,-25075.9862956417,901434.64752746],"diff":[0.0256908844527813,-0.00486247451421009,0.00052979021026156,0.0115262777861146]}}
