{"description":{"TestName":"MRI-CGCM3","variable":"hfss","neof1":2,"neof2":2,"TestPeriod":"1980-2005","nref":12,"ntest":1,"CommonSpace":"CCM"},"hotelling_res":{"T2":{"statistic":22.0949623920426,"mu":4,"nu":1584,"p_value":0,"conf_int":[9.82065142939694,47.9271267883041],"threshold_95":9.5282719459127,"threshold_99":13.349435656066},"Ts2":{"statistic":2.25060948393446,"conf_int":[0.290609483934457,4.21060948393446],"threshold_95":0.970556945356054,"threshold_99":1.35978355426101},"explvar.model.neof1":86.8017460149428,"explvar.model.neof2":86.6178051547967,"explvar.refmean.neof1":90.4352218597081,"explvar.refmean.neof2":90.2188924912945,"S":[6.56246478491222,1.76607025039863,-0.456454926257163,0.994688336614431,1.76607025039863,2.02552248049004,-0.121746653475722,-0.0588661096966903,-0.456454926257163,-0.121746653475722,0.265585163823111,-0.119787498051789,0.994688336614431,-0.0588661096966903,-0.119787498051789,0.321009916342806],"inv_S":[0.632028183506672,-0.622739660340494,-0.161156895174226,-2.1327500183495,-0.622739660340494,1.134088933741,0.497438253530181,2.3232246928364,-0.161156895174226,0.497438253530181,4.78865853734255,2.37751086540273,-2.1327500183495,2.3232246928364,2.37751086540273,11.0369700920984],"diff":[4.73977719818009,3.45783251932444,0.0179133975139119,1.35337232118438]}}
