{"description":{"TestName":"CanCM4","variable":"tauu","neof1":2,"neof2":2,"TestPeriod":"1980-2005","nref":9,"ntest":1,"CommonSpace":"CCM"},"hotelling_res":{"T2":{"statistic":1307.35002944585,"mu":4,"nu":647.999999999971,"p_value":0,"conf_int":[1172.37509146309,1456.00571255115],"threshold_95":9.58736439446418,"threshold_99":13.4556581611029},"Ts2":{"statistic":18.0648352081932,"conf_int":[16.1048352081932,20.0248352081932],"threshold_95":0.132477266199556,"threshold_99":0.18592897221346},"explvar.model.neof1":85.1527232562663,"explvar.model.neof2":85.0017983442105,"explvar.refmean.neof1":82.9743440254753,"explvar.refmean.neof2":82.7526513802252,"S":[7.64854623540562e-05,1.57096483984298e-05,-9.70432782165636e-06,-2.96295738060474e-05,1.57096483984298e-05,9.43273691942137e-06,-3.9348877959239e-06,-6.69970969783741e-06,-9.70432782165636e-06,-3.9348877959239e-06,3.21506924852641e-06,3.13869927255541e-06,-2.96295738060474e-05,-6.69970969783741e-06,3.13869927255541e-06,1.22129842098254e-05],"inv_S":[863543.786998863,571491.008968335,1274369.71740888,2081014.31108081,571491.008968334,646748.282051179,1090130.28787817,1461106.41911155,1274369.71740888,1090130.28787817,2522592.56618831,3041429.34840033,2081014.31108081,1461106.41911155,3041429.34840033,5150454.86043826],"diff":[0.0203519252053006,-0.00746036115105082,-0.00403090722783772,-0.0193751979993824]}}
