{"description":{"TestName":"GISS-E2-R-CC","variable":"hfss","neof1":2,"neof2":2,"TestPeriod":"1980-2005","nref":12,"ntest":1,"CommonSpace":"CCM"},"hotelling_res":{"T2":{"statistic":88.3496066092227,"mu":4,"nu":1584.00000000001,"p_value":0,"conf_int":[58.0168287329242,132.333348959205],"threshold_95":9.52827194591239,"threshold_99":13.3494356560661},"Ts2":{"statistic":4.64741538590205,"conf_int":[2.68741538590205,6.60741538590205],"threshold_95":0.501211486298453,"threshold_99":0.702214475447756},"explvar.model.neof1":82.3977412069599,"explvar.model.neof2":82.3422641234607,"explvar.refmean.neof1":85.8091510385964,"explvar.refmean.neof2":85.7114816161556,"S":[5.35397529788256,2.7954027159581,0.458822231663331,0.49868212138072,2.7954027159581,2.84662554637032,0.419879468750345,0.756851220366931,0.458822231663331,0.419879468750345,0.47987073454354,0.0677478722017226,0.49868212138072,0.756851220366931,0.0677478722017226,0.275643861339183],"inv_S":[0.561531800416741,-1.08466490904191,0.139980253049653,1.92792512688939,-1.08466490904191,3.63260429636488,-1.04658065063223,-7.75469613011838,0.139980253049653,-1.04658065063223,2.58556487322536,1.98492965467285,1.92792512688939,-7.75469613011838,1.98492965467285,20.9446154501376],"diff":[-0.0235642705491586,5.85398745438266,-0.31193220048482,3.90269367257188]}}
