{"description":{"TestName":"CMCC-CESM","variable":"tauv","neof1":2,"neof2":2,"TestPeriod":"1980-2005","nref":8,"ntest":1,"CommonSpace":"CCM"},"hotelling_res":{"T2":{"statistic":62.1882722480848,"mu":4,"nu":448,"p_value":0,"conf_int":[37.7213826547244,100.292812839212],"threshold_95":9.63242917312144,"threshold_99":13.5368355379219},"Ts2":{"statistic":3.88106264210431,"conf_int":[1.92106264210431,5.84106264210431],"threshold_95":0.601143264880922,"threshold_99":0.844810521330357},"explvar.model.neof1":87.3444153853789,"explvar.model.neof2":87.0867717335254,"explvar.refmean.neof1":87.609883130879,"explvar.refmean.neof2":87.3367389315309,"S":[3.09524358297293e-05,-1.01737616158963e-06,1.08926941367428e-06,1.06938574950817e-05,-1.01737616158963e-06,5.95118324578597e-06,1.8313486545287e-06,2.23920309453153e-06,1.08926941367428e-06,1.8313486545287e-06,1.67903763606617e-06,1.62081527864286e-06,1.06938574950817e-05,2.23920309453153e-06,1.62081527864286e-06,6.01895286086357e-06],"inv_S":[149091.17952758,123197.032055073,93037.6146913218,-335775.979170339,123197.032055073,357959.018178661,-176350.228914227,-304565.153240911,93037.6146913218,-176350.228914227,1113171.00175681,-399453.466051883,-335775.979170339,-304565.153240911,-399453.466051883,983587.032973868],"diff":[0.00578005424393628,0.00911429996799045,-0.00354945246514043,0.00535488500327861]}}
